$Name	"%Input[4:0,0,0,0]<4:1,1,14,1>"	"%Input[4:0,0,1,0]"	"%Input[4:0,0,2,0]"	"%Input[4:0,0,3,0]"	"%Input[4:0,0,4,0]"	"%Input[4:0,0,5,0]"	"%Input[4:0,0,6,0]"	"%Input[4:0,0,7,0]"	"%Input[4:0,0,8,0]"	"%Input[4:0,0,9,0]"	"%Input[4:0,0,10,0]"	"%Input[4:0,0,11,0]"	"%Input[4:0,0,12,0]"	"%Input[4:0,0,13,0]"	"%Output[2:0,0]<2:1,4>"	"%Output[2:0,1]"	"%Output[2:0,2]"	"%Output[2:0,3]"
1	1	1	0	1	1	1	1	1	1	1	0	1	1	0	0	0	0	1
2	0	1	0	0	1	0	0	0	1	1	1	1	0	0	0	0	1	0
3	1	0	0	1	1	1	1	1	1	1	1	0	1	0	0	0	0	1
4	1	0	1	0	0	1	0	1	0	0	0	1	0	1	1	0	0	0
5	1	1	1	0	0	1	0	1	0	0	0	0	0	1	1	0	0	0
6	0	0	0	0	1	0	0	0	1	1	1	1	0	0	0	0	1	0
7	1	1	1	0	0	0	0	1	0	0	0	1	0	1	1	0	0	0
8	0	0	1	1	0	1	0	0	0	1	1	0	0	1	0	1	0	0
9	1	0	1	0	0	1	0	1	0	0	0	1	0	1	1	0	0	0
10	0	1	1	1	0	1	0	0	1	1	0	0	0	0	0	1	0	0
11	0	0	1	1	0	1	0	0	1	1	1	0	1	1	0	1	0	0
12	1	1	1	1	0	1	0	0	1	1	1	0	0	0	0	1	0	0
13	0	0	1	1	0	1	0	0	1	1	1	0	0	0	0	1	0	0
14	1	0	0	0	1	0	0	0	1	1	1	1	0	0	0	0	1	0
15	0	1	0	1	1	1	1	1	1	1	1	0	1	0	0	0	0	1
16	1	0	0	1	1	1	1	1	1	1	1	1	1	0	0	0	0	1
17	1	1	1	0	0	1	0	1	0	0	1	0	0	1	1	0	0	0
18	1	1	1	0	0	1	0	1	0	0	0	1	0	1	1	0	0	0
19	0	0	0	1	1	1	1	1	1	1	1	1	1	0	0	0	0	1
20	0	1	1	1	0	1	0	0	1	1	0	1	1	0	0	1	0	0
21	1	0	1	0	0	1	0	1	0	0	0	1	0	1	1	0	0	0
22	1	0	1	0	0	1	0	0	0	0	1	1	0	1	1	0	0	0
23	1	0	0	1	1	1	1	1	1	1	1	1	1	0	0	0	0	1
24	1	1	1	0	0	1	0	0	0	1	1	1	0	0	0	1	0	0
25	1	1	0	1	1	1	1	1	1	1	1	1	1	0	0	0	0	1
26	1	1	1	1	0	1	0	0	1	1	1	1	0	0	0	1	0	0
27	1	1	0	0	1	0	0	0	1	1	1	1	0	0	0	0	1	0
28	0	0	1	1	0	1	0	0	1	1	1	1	0	1	0	1	0	0
29	1	1	1	0	0	1	0	1	0	0	0	0	0	1	1	0	0	0
30	0	1	1	1	0	1	0	0	1	1	0	1	0	0	0	1	0	0
31	1	1	1	1	0	1	0	0	1	1	1	1	0	0	0	1	0	0
32	1	1	1	0	0	1	0	1	0	0	0	1	0	1	1	0	0	0
33	0	1	0	1	1	1	1	1	1	1	1	0	1	0	0	0	0	1
34	0	1	1	1	0	1	0	0	1	1	0	1	0	0	0	1	0	0
35	0	1	0	1	1	0	1	1	1	1	0	0	1	0	0	0	0	1
36	0	1	0	1	1	1	1	1	1	1	1	1	1	1	0	0	0	1
37	0	1	1	1	0	1	0	0	1	1	0	1	0	0	0	1	0	0
38	0	1	1	1	0	1	0	0	1	1	1	1	1	0	0	1	0	0
39	0	1	0	0	1	0	0	0	1	1	1	1	0	0	0	0	1	0
40	0	0	1	0	0	1	0	1	0	0	0	1	0	1	1	0	0	0
41	1	1	1	0	0	1	0	1	0	0	0	0	0	1	1	0	0	0
42	0	0	1	1	0	1	0	0	1	1	1	0	1	1	0	1	0	0
43	1	1	0	1	1	1	1	1	1	1	1	0	1	0	0	0	0	1
44	0	1	1	1	0	1	0	0	0	1	1	1	0	0	0	1	0	0
45	1	1	1	1	0	1	0	0	1	1	0	0	0	0	0	1	0	0
46	0	1	0	1	1	1	1	1	1	1	1	0	1	0	0	0	0	1
47	1	1	0	1	1	1	1	1	1	1	1	1	1	0	0	0	0	1
48	0	1	1	1	0	1	0	0	1	1	0	1	0	0	0	1	0	0
49	1	1	0	0	1	0	0	0	1	1	1	0	0	0	0	0	1	0
50	1	1	1	0	0	1	0	1	0	0	0	0	0	1	1	0	0	0
51	0	1	1	0	0	1	0	1	0	0	0	0	0	1	1	0	0	0
52	0	1	0	0	1	0	0	0	1	1	1	0	0	0	0	0	1	0
53	0	1	0	0	1	0	0	0	1	1	1	1	0	0	0	0	1	0
54	0	1	0	1	1	1	1	1	0	1	1	1	1	0	0	0	0	1
55	1	1	1	0	0	1	0	1	0	0	0	1	0	1	1	0	0	0
56	1	1	0	0	1	0	0	0	1	1	1	0	0	0	0	0	1	0
57	1	0	1	1	0	0	0	0	1	1	1	1	0	1	0	1	0	0
58	0	1	0	0	1	0	0	0	1	1	1	0	0	0	0	0	1	0
59	0	0	1	1	0	1	0	0	1	1	1	0	0	0	0	1	0	0
60	0	1	1	0	0	1	0	1	0	0	1	1	0	1	1	0	0	0
61	0	1	0	0	1	0	0	0	1	1	1	0	0	0	0	0	1	0
62	1	1	0	1	1	1	1	1	1	1	1	1	1	0	0	0	0	1
63	1	1	1	1	0	1	0	0	1	1	0	1	0	0	0	1	0	0
64	0	1	1	1	0	1	0	0	1	1	0	0	0	0	0	1	0	0
65	0	1	1	1	0	1	0	0	1	0	0	0	1	0	0	1	0	0
66	1	1	1	1	0	1	0	0	1	1	1	1	0	0	0	1	0	0
67	0	1	1	1	0	1	0	0	1	1	1	1	0	0	0	1	0	0
68	0	0	0	1	1	1	1	1	1	1	1	1	1	0	0	0	0	1
69	1	0	1	0	0	1	0	1	0	0	0	1	0	1	1	0	0	0
70	0	1	1	1	0	1	0	0	1	1	1	1	0	0	0	1	0	0
71	0	0	0	1	1	1	1	1	1	1	1	1	1	0	0	0	0	1
72	0	1	0	0	1	0	0	0	1	1	1	0	0	0	0	0	1	0
73	0	0	0	0	1	0	0	0	1	1	1	1	0	0	0	0	1	0
74	1	1	1	1	0	1	0	0	1	1	0	1	0	1	0	1	0	0
75	1	1	0	1	1	1	1	1	1	1	1	1	1	0	0	0	0	1
76	1	1	1	1	0	1	0	0	1	1	0	0	1	0	0	1	0	0
77	1	1	0	1	1	1	1	1	1	1	1	1	1	0	0	0	0	1
78	0	1	0	1	1	1	1	1	1	1	1	1	1	0	0	0	0	1
79	1	1	1	1	0	1	0	0	1	1	1	0	0	0	0	1	0	0
80	0	1	1	1	0	1	0	0	1	1	1	1	0	0	0	1	0	0
81	1	1	1	1	0	1	0	0	1	1	1	1	0	0	0	1	0	0
82	0	0	1	0	1	0	0	0	1	1	1	1	0	0	0	0	1	0
83	0	0	0	0	1	0	0	0	0	1	1	0	0	0	0	0	1	0
84	0	1	1	0	0	1	0	1	0	0	1	1	0	1	1	0	0	0
85	0	1	1	1	0	1	0	0	1	1	1	0	0	0	0	1	0	0
86	1	1	1	1	0	1	0	0	0	1	1	1	1	0	0	1	0	0
87	0	0	1	1	0	1	0	0	1	1	1	1	0	1	0	1	0	0
88	1	0	1	1	0	1	0	0	1	1	1	1	0	0	0	1	0	0
89	1	1	1	1	0	1	0	0	1	1	0	0	0	0	0	1	0	0
90	0	1	1	0	0	1	0	1	0	0	0	0	0	1	1	0	0	0
91	0	1	1	0	0	1	0	1	0	0	0	0	0	1	1	0	0	0
92	1	1	1	0	0	1	0	1	0	0	0	0	0	1	1	0	0	0
93	1	0	0	1	1	1	1	1	1	1	1	0	1	0	0	0	0	1
94	0	1	1	1	0	0	0	0	1	1	0	1	0	0	0	1	0	0
95	0	0	1	1	0	1	0	0	1	1	0	1	1	0	0	1	0	0
96	1	0	1	1	0	1	0	0	1	1	0	1	0	0	0	1	0	0
97	1	1	1	0	0	1	0	1	0	0	0	0	0	1	1	0	0	0
98	1	1	0	1	1	1	1	1	1	1	1	0	1	0	0	0	0	1
99	0	0	0	0	1	0	0	0	1	1	1	0	0	0	0	0	1	0
100	0	1	1	1	0	1	0	0	1	1	0	1	0	0	0	1	0	0
101	1	0	1	0	0	1	0	1	0	0	1	1	0	1	1	0	0	0
102	1	0	1	1	0	1	0	0	1	1	1	0	0	0	0	1	0	0
103	1	1	0	1	1	1	1	1	1	1	1	1	1	0	0	0	0	1
104	0	1	1	1	0	1	0	0	1	1	1	0	0	0	0	1	0	0
105	0	1	0	1	1	1	1	1	1	1	1	1	1	0	0	0	0	1
106	0	1	1	0	0	1	0	1	0	0	1	0	0	1	1	0	0	0
107	0	1	0	0	1	0	0	0	1	1	1	1	0	0	0	0	1	0
108	0	1	1	0	0	1	0	1	0	0	0	0	0	1	1	0	0	0
109	1	1	1	1	0	1	0	0	1	1	1	1	0	0	0	1	0	0
110	1	1	0	0	1	0	0	0	1	1	1	1	0	0	0	0	1	0
111	0	1	0	0	1	0	0	0	0	1	1	0	0	0	0	0	1	0
112	0	1	0	1	1	1	1	1	1	1	1	1	1	0	0	0	0	1
113	0	1	0	1	1	1	1	0	1	1	0	0	1	0	0	0	0	1
114	1	1	0	1	1	1	1	1	0	1	0	0	1	0	0	0	0	1
115	0	1	0	1	1	1	1	1	1	0	0	1	1	0	0	0	0	1
116	0	0	1	0	0	1	0	1	0	0	0	1	0	1	1	0	0	0
117	0	1	0	1	1	1	1	1	1	1	0	1	1	0	0	0	0	1
118	0	1	0	0	1	0	0	0	1	0	1	0	0	0	0	0	1	0
119	1	0	1	1	0	1	0	0	1	1	1	1	0	0	0	1	0	0
120	1	1	1	1	0	1	0	0	1	1	0	1	1	0	0	1	0	0
121	1	1	0	1	1	1	1	1	1	1	1	1	1	0	0	0	0	1
122	1	0	0	0	1	0	0	0	1	1	1	0	0	0	0	0	1	0
123	0	0	0	1	1	1	1	1	1	1	1	1	1	0	0	0	0	1
124	0	1	1	1	0	1	0	0	1	1	0	0	0	0	0	1	0	0
125	0	1	1	1	0	0	0	0	1	1	0	1	0	0	0	1	0	0
126	1	1	0	0	1	0	0	0	1	1	1	1	0	0	0	0	1	0
127	0	1	1	1	0	1	0	0	1	1	1	0	1	1	0	1	0	0
128	0	1	0	0	1	0	0	0	1	1	1	0	0	0	0	0	1	0
129	0	1	0	0	1	0	0	0	1	1	1	0	0	0	0	0	1	0
130	1	1	1	1	0	1	0	0	1	1	0	1	0	0	0	1	0	0
131	1	1	0	0	1	0	0	0	1	1	1	1	0	0	0	0	1	0
132	1	0	1	0	0	1	0	1	0	0	0	0	0	1	1	0	0	0
133	0	1	0	0	1	0	0	0	1	1	1	0	0	0	0	0	1	0
134	0	1	1	1	0	1	0	0	1	1	0	1	0	0	0	1	0	0
135	1	0	0	1	0	1	1	1	1	1	1	1	1	0	0	0	0	1
136	0	0	0	1	1	1	1	1	1	1	0	0	1	0	0	0	0	1
137	1	1	0	1	1	1	1	1	1	1	0	0	1	0	0	0	0	1
138	0	1	0	0	1	1	1	1	1	1	1	1	1	0	0	0	0	1
139	1	1	1	1	0	1	0	0	1	1	0	0	1	0	0	1	0	0
140	1	1	1	0	0	1	0	1	0	0	0	1	0	1	1	0	0	0
141	0	1	1	0	0	1	0	1	0	0	0	1	0	1	1	0	0	0
142	0	1	0	1	1	1	1	1	1	1	1	0	1	0	0	0	0	1
143	1	1	1	0	0	1	0	1	0	0	1	1	0	1	1	0	0	0
144	1	1	1	1	0	1	0	0	1	1	1	0	0	0	0	1	0	0
145	1	0	1	0	0	1	0	1	0	0	1	1	0	1	1	0	0	0
146	0	1	1	0	0	1	0	0	0	0	0	0	0	1	1	0	0	0
147	1	1	0	0	1	0	0	0	1	1	1	0	0	0	0	0	1	0
148	0	0	1	0	0	1	0	1	0	0	1	1	0	1	1	0	0	0
149	0	1	1	0	0	1	0	1	0	0	0	0	0	1	1	0	0	0
150	1	1	1	0	0	1	0	1	0	0	0	1	0	1	1	0	0	0
151	1	0	0	1	1	1	1	1	1	1	1	1	1	0	0	0	0	1
152	1	1	1	0	0	1	0	1	0	0	1	0	0	1	1	0	0	0
153	1	0	1	0	0	1	0	1	0	0	0	1	0	1	1	0	0	0
154	0	1	0	0	1	0	0	0	1	1	1	1	0	0	0	0	1	0
155	1	0	0	0	1	0	0	0	1	1	1	1	0	0	0	0	1	0
156	0	1	1	1	0	1	0	0	1	1	0	0	0	0	0	1	0	0
157	1	0	1	0	0	1	0	1	0	0	1	0	0	1	1	0	0	0
158	0	1	1	1	0	1	0	0	1	1	1	0	1	0	0	1	0	0
159	1	1	0	1	1	1	1	1	1	1	0	0	1	0	0	0	0	1
160	0	0	0	1	1	1	1	1	1	1	1	1	1	0	0	0	0	1
161	1	1	1	1	0	1	0	0	1	1	1	0	0	0	0	1	0	0
162	0	1	1	1	0	1	0	0	1	1	0	0	0	0	0	1	0	0
163	1	1	1	1	0	1	0	0	1	1	1	0	1	0	0	1	0	0
164	1	1	0	0	1	0	0	0	1	1	1	1	0	0	0	0	1	0
165	1	1	0	1	1	1	1	1	1	1	0	1	1	0	0	0	0	1
166	0	0	1	1	0	1	0	0	1	1	0	1	0	0	0	1	0	0
167	1	1	1	1	0	1	0	0	1	1	0	1	0	0	0	1	0	0
168	0	1	1	1	0	1	0	0	1	1	1	1	0	0	0	1	0	0
169	1	0	0	0	1	0	0	0	1	1	1	0	0	0	0	0	1	0
170	1	1	1	0	0	1	0	1	0	0	1	0	0	1	1	0	0	0
171	0	0	0	1	1	1	1	1	1	1	1	1	1	0	0	0	0	1
172	1	1	1	0	0	1	0	1	0	0	1	1	0	1	1	0	0	0
173	0	0	1	0	0	1	1	1	0	0	1	0	0	1	1	0	0	0
174	0	1	0	1	1	1	1	1	1	1	1	0	1	0	0	0	0	1
175	1	1	1	1	0	1	0	0	1	1	0	0	0	0	0	1	0	0
176	0	1	1	0	0	1	0	1	0	0	0	0	0	1	1	0	0	0
177	0	0	0	1	1	0	1	1	1	1	1	0	1	0	0	0	0	1
178	0	1	1	1	0	1	0	0	1	1	0	1	1	0	0	1	0	0
179	0	1	0	1	1	1	1	1	1	1	1	1	1	0	0	0	0	1
180	0	1	0	1	1	1	1	1	1	1	1	0	1	0	0	0	0	1
181	0	1	0	0	1	0	0	0	1	0	1	1	0	0	0	0	1	0
182	0	0	1	1	0	1	0	0	0	1	0	0	0	1	0	1	0	0
183	1	1	0	1	1	1	1	1	1	1	1	0	1	0	0	0	0	1
184	0	1	0	0	0	0	0	0	1	1	1	0	0	0	0	0	1	0
185	1	1	0	0	1	0	0	0	1	1	1	1	0	0	0	0	0	1
186	1	1	1	1	0	1	0	0	1	1	0	1	0	0	0	1	0	0
187	1	1	1	1	0	1	0	0	1	1	1	1	0	0	0	1	0	0
188	1	0	0	0	1	0	0	0	1	1	1	1	0	0	0	0	1	0
189	1	1	1	1	0	1	0	0	1	1	0	1	1	0	0	1	0	0
190	1	1	1	0	0	1	0	0	0	0	0	0	0	1	1	0	0	0
191	1	1	0	0	1	0	0	0	1	1	1	1	0	0	0	0	1	0
192	1	1	1	1	0	1	0	0	1	1	0	0	0	0	0	1	0	0
193	1	1	0	1	1	1	0	1	1	1	1	1	1	0	0	0	0	1
194	1	0	1	1	0	1	0	0	1	1	1	1	1	0	0	1	0	0
195	0	0	0	0	1	0	0	0	1	1	1	1	0	0	0	0	1	0
196	0	0	1	0	0	1	0	0	1	1	1	0	0	1	0	1	0	0
197	0	0	1	1	0	1	0	0	0	1	0	0	0	1	0	1	0	0
198	0	1	0	1	1	1	1	1	1	1	1	0	1	0	0	0	0	1
199	0	1	1	0	0	1	0	1	0	0	0	1	0	1	1	0	0	0
200	0	0	0	0	1	0	0	0	1	1	1	1	0	0	0	0	1	0
201	0	1	1	1	0	1	0	0	1	1	0	1	0	0	0	0	0	1
202	0	1	1	0	0	1	0	1	0	0	0	0	0	1	1	0	0	0
203	0	0	0	1	1	1	1	1	1	1	1	0	1	0	0	0	0	1
204	1	1	0	1	1	1	1	1	1	1	1	1	1	0	0	0	0	1
205	0	1	1	0	0	1	0	1	0	0	0	0	0	1	1	0	0	0
206	0	1	1	1	0	1	0	0	1	1	1	0	0	0	0	1	0	0
207	1	0	1	0	0	1	0	1	0	0	0	0	0	1	1	0	0	0
208	0	0	1	1	0	1	0	0	1	1	1	1	0	0	0	1	0	0
209	1	1	1	1	0	1	0	0	1	1	0	0	0	0	0	1	0	0
210	0	0	0	1	1	1	1	1	1	1	1	1	1	0	0	0	0	1
211	0	1	1	1	0	1	0	0	1	1	1	1	1	0	0	1	0	0
212	0	1	1	0	0	1	0	1	0	0	0	0	0	1	1	0	0	0
213	0	0	0	0	1	0	0	0	1	1	1	1	1	0	0	0	1	0
214	0	1	1	0	1	0	0	0	1	1	1	0	0	0	0	0	1	0
215	1	0	0	1	1	1	1	1	1	1	1	1	1	0	0	0	0	1
216	0	1	1	1	0	1	0	0	1	1	0	0	0	0	0	1	0	0
217	0	0	1	0	0	1	0	1	0	0	1	1	0	1	1	0	0	0
218	1	1	0	1	1	1	1	1	1	1	1	0	1	0	0	0	0	1
219	0	1	1	0	0	1	0	1	0	0	0	0	0	1	1	0	0	0
220	1	0	1	0	0	1	0	1	0	0	0	1	0	1	1	0	0	0
221	0	1	1	1	0	1	0	0	0	1	0	1	0	1	0	1	0	0
222	0	1	1	0	0	1	0	0	1	1	0	0	0	0	0	1	0	0
223	0	0	1	0	0	1	0	1	0	0	0	1	0	1	1	0	0	0
224	0	0	0	0	1	0	0	0	1	1	0	0	0	0	0	0	1	0
225	1	0	1	0	0	1	0	1	0	0	1	0	0	1	1	0	0	0
226	0	1	0	1	1	1	1	1	1	1	1	1	1	0	0	0	0	1
227	1	1	1	1	0	1	0	0	1	1	1	0	1	0	0	1	0	0
228	1	1	1	0	0	1	0	1	0	0	0	1	0	1	1	0	0	0
229	1	1	1	1	0	1	0	0	1	1	0	0	0	0	0	1	0	0
230	0	1	1	1	0	1	0	0	1	1	1	0	0	0	0	1	0	0
231	1	1	1	1	0	1	0	0	1	1	1	1	0	0	0	1	0	0
232	0	1	1	0	0	1	0	1	0	0	1	1	0	1	1	0	0	0
233	1	1	1	0	0	1	0	0	0	1	1	0	0	0	0	1	0	0
234	1	1	0	1	1	1	1	1	1	1	1	1	1	0	0	0	0	1
235	1	1	1	1	0	1	0	0	1	1	1	1	0	0	0	1	0	0
236	1	0	1	1	0	1	0	0	1	1	1	1	1	0	0	1	0	0
237	0	1	0	0	1	0	0	0	1	1	1	1	0	0	0	0	1	0
238	0	1	0	1	1	1	1	1	1	1	0	0	1	0	0	0	0	1
239	1	0	1	1	0	1	0	0	1	1	0	1	1	0	0	1	0	0
240	1	1	1	1	0	1	0	0	1	1	0	1	0	0	0	1	0	0
241	1	1	1	1	0	1	0	0	1	1	0	1	0	1	0	1	0	0
242	1	1	1	0	0	1	0	1	0	0	1	0	0	1	1	0	0	0
243	1	0	1	1	0	1	0	0	1	1	0	1	0	0	0	1	0	0
244	1	1	1	1	0	1	0	0	1	1	0	1	1	0	0	1	0	0
245	1	1	1	1	0	1	0	0	1	1	1	0	0	0	0	1	0	0
246	1	1	1	1	0	1	0	0	1	1	0	1	0	0	0	1	0	0
247	1	1	1	0	0	1	0	1	0	0	1	1	0	1	1	0	0	0
248	0	1	1	1	0	1	0	0	1	1	1	0	0	0	0	1	0	0
249	0	0	1	0	0	1	0	1	0	0	0	0	0	1	1	0	0	0
250	0	1	0	1	1	1	1	1	1	1	1	1	1	0	0	0	0	1
251	0	0	0	1	1	1	1	1	1	1	1	1	1	0	0	0	0	1
252	1	1	0	0	1	0	0	0	1	1	1	1	0	0	0	0	1	0
253	1	1	0	0	1	0	0	0	1	1	1	0	0	0	0	0	1	0
254	1	1	1	0	0	1	0	1	0	0	0	1	0	1	1	0	0	0
255	0	1	1	1	0	1	0	0	1	1	0	0	0	0	0	1	0	0
256	1	0	0	1	1	1	1	1	1	1	1	1	1	0	0	0	1	0
257	1	0	0	1	1	1	1	1	1	1	0	1	1	0	0	0	0	1
258	1	1	0	0	1	0	0	0	1	1	1	1	0	0	0	0	1	0
259	1	1	1	0	0	1	0	1	0	0	1	1	0	1	1	0	0	0
260	1	1	0	1	1	1	1	1	1	1	1	1	1	0	0	0	0	1
261	0	0	0	0	1	0	0	0	1	1	0	1	0	0	0	0	1	0
262	1	0	1	1	0	1	0	0	1	1	1	0	1	0	0	1	0	0
263	0	0	0	1	1	1	1	1	1	1	1	0	1	0	0	0	0	1
264	0	1	1	0	0	1	0	1	0	0	0	0	0	1	1	0	0	0
265	0	0	0	0	1	0	0	0	1	1	1	0	0	0	0	0	1	0
266	1	1	0	0	1	0	0	0	1	1	1	0	0	0	0	0	1	0
267	1	0	0	0	1	0	0	0	1	1	1	0	0	0	0	0	1	0
268	0	1	0	1	1	1	1	1	1	1	1	0	1	0	0	0	0	1
269	0	1	1	1	0	1	0	0	1	1	0	1	0	0	0	1	0	0
270	0	1	0	1	1	1	1	1	1	1	0	1	1	0	0	0	0	1
271	0	1	1	0	0	1	0	1	0	0	1	1	0	1	1	0	0	0
272	1	1	0	1	1	1	1	1	1	1	1	1	1	0	0	0	0	1
273	0	1	1	1	0	1	0	0	1	1	0	0	1	0	0	1	0	0
274	0	1	1	1	0	1	0	0	1	1	1	0	1	0	0	1	0	0
275	1	0	0	1	1	1	1	0	1	1	1	1	1	0	0	0	0	1
276	1	1	0	1	1	0	1	1	1	1	1	1	1	0	0	0	0	1
277	1	0	0	1	1	1	1	1	1	1	1	1	1	0	0	0	0	1
278	1	1	1	1	0	1	0	0	1	1	1	1	0	1	0	1	0	0
279	0	1	1	1	0	1	0	0	1	1	1	0	0	0	0	1	0	0
280	1	0	1	0	0	1	0	1	0	0	1	1	0	1	1	0	0	0
281	0	1	1	1	0	1	0	0	1	1	1	0	0	0	0	1	0	0
282	1	0	0	1	1	1	1	1	1	1	1	0	1	0	0	0	0	1
283	0	1	1	1	0	1	0	0	1	1	0	0	0	0	0	1	0	0
284	1	1	1	1	0	1	0	0	1	1	1	0	0	0	0	1	0	0
285	1	1	0	1	1	1	1	1	1	1	1	1	1	0	0	0	0	1
286	1	0	0	1	1	1	1	1	1	1	1	0	1	0	0	0	0	1
287	1	1	1	0	0	1	0	1	0	0	0	1	0	1	1	0	0	0
288	1	1	1	1	0	1	0	0	1	1	1	1	0	0	0	1	0	0
289	1	1	1	1	0	1	0	0	1	1	1	1	0	0	0	1	0	0
290	0	0	1	0	0	1	0	1	0	0	0	1	0	1	1	0	0	0
291	1	1	1	0	0	1	0	1	0	0	0	0	0	1	1	0	0	0
292	1	1	1	1	0	1	0	0	0	1	0	0	1	0	0	1	0	0
293	0	1	1	1	0	1	0	0	1	1	1	1	1	0	0	1	0	0
294	1	1	1	1	0	1	0	0	1	1	1	0	1	0	0	1	0	0
295	0	0	1	0	0	1	0	1	0	0	1	0	0	1	1	0	0	0
296	1	1	1	0	0	1	0	1	0	0	0	0	0	1	1	0	0	0
297	1	0	1	1	0	1	0	0	0	1	0	1	0	1	0	1	0	0
298	1	0	1	0	0	1	0	1	0	0	0	0	0	1	1	0	0	0
299	1	1	0	1	1	1	1	1	1	1	0	0	1	0	0	0	0	1
300	1	1	1	1	0	1	0	0	1	1	1	1	0	0	0	1	0	0
301	0	1	1	0	0	1	0	1	0	0	0	0	0	1	1	0	0	0
302	0	0	1	1	0	1	0	0	1	1	1	1	1	0	0	1	0	0
303	0	1	0	0	1	0	0	0	1	1	1	0	0	0	0	0	1	0
304	0	1	1	1	0	1	0	0	1	1	1	0	0	0	0	1	0	0
305	0	0	1	1	0	1	0	0	1	1	1	1	0	0	0	1	0	0
306	0	0	1	0	0	1	0	1	0	0	0	0	0	1	1	0	0	0
307	0	1	0	0	1	0	0	0	1	1	1	0	0	0	0	0	1	0
308	0	0	0	1	1	1	1	1	1	1	1	1	1	0	0	0	0	1
309	0	0	1	1	0	1	0	0	1	1	1	0	0	0	0	1	0	0
310	0	0	0	0	1	0	0	0	1	1	1	1	0	0	0	0	1	0
311	0	1	1	1	1	1	1	1	1	1	1	1	1	0	0	0	0	1
312	1	0	1	1	0	1	0	0	1	1	1	1	0	0	0	1	0	0
313	0	1	0	0	1	0	0	0	1	1	1	0	0	0	0	0	1	0
314	0	0	1	1	0	1	0	0	1	1	1	1	0	1	0	1	0	0
315	0	1	1	0	0	1	0	1	0	0	0	0	0	1	1	0	0	0
316	1	1	1	0	0	1	0	1	0	0	0	0	0	1	1	0	0	0
317	0	0	0	1	1	1	1	1	1	1	1	0	1	1	0	0	0	1
318	1	1	0	0	1	0	0	0	1	1	1	0	0	0	0	0	1	0
319	0	1	0	0	1	0	0	0	1	1	1	0	0	0	0	0	1	0
320	1	1	1	1	0	1	0	0	1	1	1	1	0	0	0	1	0	0
321	0	0	1	1	0	1	0	0	1	1	0	0	0	1	0	1	0	0
322	1	1	0	0	1	0	0	0	1	1	1	1	0	0	0	0	1	0
323	1	1	0	0	1	0	0	0	1	1	1	1	0	0	0	0	1	0
324	0	0	1	0	0	1	1	1	0	0	1	0	0	1	1	0	0	0
325	0	1	1	1	0	1	0	0	1	1	0	1	0	0	0	1	0	0
326	0	1	0	1	1	1	0	1	1	1	1	0	1	0	0	0	0	1
327	0	1	0	1	1	1	1	1	1	1	1	0	1	0	0	0	0	1
328	1	1	0	0	1	0	0	0	1	1	1	1	0	0	0	0	1	0
329	1	1	1	0	0	0	0	1	0	0	1	1	0	1	1	0	0	0
330	0	1	0	1	1	1	1	1	1	1	1	1	1	0	0	0	0	1
331	1	0	0	0	1	0	0	0	1	1	1	1	0	0	0	0	1	0
332	0	0	1	1	0	1	0	0	1	1	0	1	0	1	0	1	0	0
333	1	0	1	1	0	1	0	0	0	1	0	1	1	0	0	1	0	0
334	0	1	1	1	0	1	0	0	1	1	1	0	1	0	0	1	0	0
335	1	1	0	1	1	1	1	1	1	1	1	1	1	0	0	0	0	1
336	1	1	0	1	1	1	1	1	1	1	1	0	1	0	0	0	0	1
337	1	1	0	0	1	0	0	0	1	1	1	1	0	0	0	0	1	0
338	0	1	0	1	1	1	1	1	1	1	1	0	1	0	0	0	0	1
339	0	0	1	0	0	1	0	1	0	0	1	0	0	1	1	0	0	0
340	0	1	1	1	0	1	0	0	1	1	1	0	0	0	0	0	0	1
341	1	0	0	0	1	0	0	0	1	1	1	0	1	0	0	0	1	0
342	0	1	0	0	1	0	0	0	1	1	1	1	0	0	0	0	1	0
343	1	1	0	1	1	1	1	1	1	1	1	1	1	0	0	0	0	1
344	1	1	1	1	0	0	0	0	1	1	1	0	1	0	0	1	0	0
345	1	1	0	0	1	0	0	0	1	1	1	0	0	0	0	0	1	0
346	0	1	0	1	1	1	0	1	1	1	1	0	1	0	0	0	0	1
347	1	0	0	0	1	0	0	0	1	1	1	1	0	0	0	0	1	0
348	0	1	0	1	1	1	1	1	1	1	1	0	1	0	0	0	0	1
349	1	1	1	1	0	1	0	0	1	1	1	1	0	0	0	1	0	0
350	0	0	1	1	0	1	0	0	1	1	1	1	1	0	0	1	0	0
351	0	1	1	0	0	1	0	1	0	0	0	1	0	1	1	0	0	0
352	0	1	0	1	1	1	1	1	1	1	1	0	1	0	0	0	0	1
353	1	0	1	0	0	1	0	1	0	0	1	0	0	1	1	0	0	0
354	0	1	1	0	0	1	0	1	0	0	0	1	0	1	1	0	0	0
355	0	1	1	1	0	1	0	0	1	1	0	1	0	0	0	1	0	0
356	0	0	1	0	0	1	0	1	0	0	0	0	0	1	1	0	0	0
357	1	1	0	0	1	0	0	0	1	1	1	1	0	0	0	0	1	0
358	1	0	1	1	0	1	0	0	1	1	1	1	1	0	0	1	0	0
359	0	0	0	1	1	1	1	1	1	1	1	0	1	0	0	0	0	1
360	0	0	1	0	0	1	0	1	0	0	0	1	0	1	1	0	0	0
361	1	1	1	1	0	1	0	0	0	1	1	0	0	0	0	1	0	0
362	1	1	1	1	0	1	0	0	1	1	0	1	0	0	0	1	0	0
363	0	1	0	1	1	1	1	1	1	1	1	1	1	1	0	0	0	1
364	1	1	0	1	1	1	1	1	1	1	1	1	1	0	0	0	0	1
365	1	0	0	0	1	0	0	0	1	1	1	1	0	0	0	0	1	0
366	0	0	0	1	1	1	1	1	1	1	1	1	1	0	0	0	0	1
367	0	0	0	0	1	0	0	0	1	1	1	0	0	0	0	0	1	0
368	0	0	1	1	0	1	0	0	1	1	1	0	0	1	0	1	0	0
369	0	1	0	0	1	0	0	0	1	1	1	1	0	0	0	0	1	0
370	0	1	1	1	0	1	0	0	1	1	1	1	0	0	0	1	0	0
371	0	1	0	1	1	1	1	1	1	1	1	1	1	0	0	0	0	1
372	0	1	1	1	0	1	0	0	1	1	0	1	1	0	0	1	0	0
373	1	1	1	1	0	1	0	0	1	1	1	0	0	0	0	1	0	0
374	0	1	1	1	0	1	0	0	1	1	0	1	1	0	0	1	0	0
375	0	1	1	1	0	1	0	0	1	1	1	1	0	0	0	1	0	0
376	0	1	0	1	0	0	1	1	1	1	1	0	1	0	0	0	0	1
377	1	1	0	1	1	1	1	1	1	1	1	0	1	0	0	0	0	1
378	1	0	1	1	0	1	0	0	1	1	1	0	1	1	0	1	0	0
379	0	1	0	0	1	0	0	0	1	1	1	1	0	0	0	0	1	0
380	0	1	0	1	1	1	1	1	0	1	0	0	1	0	0	0	0	1
381	0	1	1	1	0	1	0	0	1	1	0	0	0	0	0	1	0	0
382	1	1	1	0	0	1	0	1	0	0	0	0	0	1	1	0	0	0
383	1	0	0	0	1	0	0	0	1	1	1	0	0	0	0	0	1	0
384	1	1	1	1	0	1	0	0	1	1	1	1	0	0	0	1	0	0
385	0	1	1	0	0	1	0	1	0	0	1	0	0	1	1	0	0	0
386	1	1	1	1	0	1	0	0	1	1	1	0	0	0	0	1	0	0
387	1	1	0	1	1	1	1	1	1	1	0	0	1	0	0	0	0	1
388	0	1	1	1	0	1	0	0	1	1	0	1	1	0	0	1	0	0
389	1	0	0	1	1	1	1	0	1	1	1	1	1	0	0	0	0	1
390	1	1	1	1	0	1	0	0	1	1	1	1	0	0	0	1	0	0
391	1	1	1	1	0	1	0	0	1	1	1	0	0	0	0	1	0	0
392	0	1	0	0	1	0	0	0	1	1	1	1	0	0	0	0	1	0
393	0	1	1	1	0	1	0	0	1	1	1	0	1	0	0	1	0	0
394	1	1	1	1	0	1	0	0	1	1	1	0	0	0	0	1	0	0
395	1	1	0	1	1	1	1	1	1	1	1	1	1	0	0	0	0	1
396	1	0	0	1	1	1	1	1	1	1	1	0	1	0	0	0	0	1
397	1	1	1	0	0	1	0	1	0	0	0	1	0	1	1	0	0	0
398	1	1	0	0	1	0	0	0	1	1	1	0	0	0	0	0	1	0
399	0	1	0	1	1	1	1	1	1	1	1	0	1	0	0	0	0	1
400	0	1	1	0	0	1	0	1	0	0	1	0	0	1	1	0	0	0
401	1	0	0	1	1	1	0	1	0	1	1	1	1	0	0	0	0	1
402	1	0	1	1	0	1	0	0	1	0	1	1	1	0	0	1	0	0
403	1	1	0	0	1	0	0	0	1	1	1	1	0	0	0	0	1	0
404	0	0	1	1	0	1	0	0	1	1	1	1	1	0	0	1	0	0
405	0	1	0	1	1	1	1	1	1	1	1	0	1	0	0	0	0	1
406	1	0	1	1	0	1	0	0	1	1	1	0	0	0	0	1	0	0
407	0	0	0	0	1	0	0	0	1	1	1	1	0	0	0	0	1	0
408	1	0	0	1	1	1	1	1	1	1	1	0	1	0	0	0	0	1
409	1	0	0	0	1	0	0	0	1	1	1	1	0	0	0	0	1	0
410	1	1	1	0	0	1	0	1	0	0	0	0	0	1	1	0	0	0
411	1	0	0	0	1	0	0	0	1	1	1	0	0	0	0	0	1	0
412	0	1	1	0	0	0	0	1	0	0	0	0	0	1	1	0	0	0
413	1	1	1	0	0	1	0	1	0	0	0	0	0	1	1	0	0	0
414	0	0	0	1	1	1	1	1	1	1	1	0	1	0	0	0	0	1
415	0	0	1	1	0	1	0	0	1	1	0	0	0	0	0	1	0	0
416	0	1	0	1	1	1	1	1	1	0	1	0	1	0	0	0	0	1
417	1	1	0	0	1	0	0	0	1	1	1	0	0	0	0	0	1	0
418	0	1	1	1	0	1	0	0	1	1	0	1	0	0	0	1	0	0
419	1	0	0	0	1	0	0	0	1	1	1	1	0	0	0	0	1	0
420	1	0	1	1	0	1	0	0	1	1	1	1	0	1	0	1	0	0
421	1	1	1	1	0	1	0	0	1	1	1	1	0	0	0	1	0	0
422	1	1	0	0	1	0	0	0	1	1	1	1	0	0	0	0	1	0
423	0	0	1	1	0	1	0	0	1	1	1	1	0	1	0	1	0	0
424	1	1	1	1	0	1	0	0	1	1	1	0	0	0	0	1	0	0
425	0	1	0	0	1	0	0	0	1	0	1	1	0	0	0	0	1	0
426	1	0	1	0	0	1	0	1	0	0	0	1	0	1	1	0	0	0
427	0	1	1	1	0	1	0	0	0	1	0	0	0	0	0	1	0	0
428	1	1	1	1	0	1	0	0	1	1	0	0	0	1	0	1	0	0
429	1	1	1	1	0	1	0	0	1	1	1	1	0	0	0	1	0	0
430	0	1	0	1	1	1	1	1	1	1	1	1	1	0	0	0	0	1
431	0	0	1	0	0	1	1	1	0	0	0	1	0	1	1	0	0	0
432	0	1	0	1	1	1	1	1	1	1	0	0	1	0	0	0	0	1
433	1	1	1	1	0	1	0	0	1	1	1	1	0	0	0	1	0	0
434	1	1	1	0	0	1	0	1	0	0	0	1	0	1	1	0	0	0
435	1	0	1	1	0	1	0	0	1	1	1	0	0	0	0	1	0	0
436	0	1	1	1	0	1	0	0	1	1	1	0	1	0	0	1	0	0
437	1	1	0	1	1	1	1	1	1	1	1	0	1	0	0	0	0	1
438	1	1	0	1	1	1	1	1	1	1	1	1	1	0	0	0	0	1
439	1	0	0	0	1	0	0	0	1	1	1	0	0	0	0	0	1	0
440	1	1	0	1	1	1	1	1	1	1	0	1	1	0	0	0	0	1
441	1	0	1	1	0	1	0	0	1	1	0	1	0	1	0	1	0	0
442	0	0	0	1	1	1	1	1	1	1	1	1	1	0	0	0	0	1
443	0	0	0	1	1	1	1	1	1	1	1	1	1	0	0	0	0	1
444	1	1	1	0	0	1	0	1	0	0	0	0	0	1	1	0	0	0
445	1	0	0	1	1	1	1	1	1	1	1	1	1	0	0	0	0	1
446	0	1	1	1	0	1	0	0	1	1	0	0	0	0	0	0	0	1
447	0	1	1	1	0	1	0	0	1	1	1	1	0	0	0	1	0	0
448	1	1	1	0	0	1	0	1	0	0	1	0	0	1	1	0	0	0
449	0	1	0	1	1	1	1	1	1	1	1	1	1	0	0	0	0	1
450	1	1	1	0	0	1	0	1	0	0	0	0	0	1	1	0	0	0
451	0	1	1	1	0	1	0	0	0	1	0	1	0	0	0	1	0	0
452	0	0	1	1	0	1	0	0	1	1	1	1	0	0	0	1	0	0
453	1	0	0	0	1	0	0	0	1	1	1	1	0	0	0	0	1	0
454	0	1	1	1	0	1	0	0	1	1	0	1	0	0	0	1	0	0
455	0	1	0	0	1	0	0	0	0	1	1	1	0	0	0	0	1	0
456	1	0	0	0	1	0	0	0	1	1	1	0	0	0	0	0	1	0
457	1	1	1	1	1	1	1	1	1	1	0	0	1	0	0	0	1	0
458	0	0	0	1	1	1	1	1	1	1	1	1	1	0	0	0	0	1
459	1	0	1	0	0	1	0	0	1	1	0	0	0	0	0	1	0	0
460	0	0	1	0	0	1	0	1	0	0	0	0	0	1	1	0	0	0
461	0	1	1	1	0	1	0	0	1	1	1	0	0	0	0	1	0	0
462	1	1	1	0	0	1	0	1	0	0	0	0	0	1	1	0	0	0
463	1	1	0	0	1	1	1	1	1	1	1	1	1	0	0	0	0	1
464	1	0	0	1	1	1	1	1	1	1	1	1	1	0	0	0	0	1
465	1	1	1	1	0	1	0	0	1	1	1	0	0	0	0	1	0	0
466	1	1	1	0	0	1	0	1	0	0	0	1	0	1	1	0	0	0
467	0	0	1	0	0	1	0	1	0	0	0	1	0	1	1	0	0	0
468	1	1	1	1	0	1	0	0	1	1	1	0	1	0	0	1	0	0
469	1	1	0	0	1	0	0	0	1	1	1	0	0	0	0	0	1	0
470	1	1	1	0	0	1	0	1	0	0	0	1	0	1	1	0	0	0
471	0	0	0	1	1	1	1	1	1	1	1	0	1	0	0	0	0	1
472	1	1	1	0	0	1	0	1	0	0	0	1	0	1	1	0	0	0
473	1	0	1	1	0	1	0	0	1	1	0	1	1	0	0	1	0	0
474	0	1	1	0	0	1	0	0	1	1	0	1	0	0	0	1	0	0
475	1	0	1	1	0	1	0	0	1	1	0	0	0	0	0	1	0	0
476	1	1	0	1	1	1	1	1	1	1	1	0	1	0	0	0	0	1
477	0	1	1	1	0	1	0	0	1	1	0	1	0	0	0	1	0	0
478	0	1	1	1	0	1	0	0	1	1	1	1	0	0	0	1	0	0
479	0	1	1	0	0	1	0	1	0	0	0	0	0	1	1	0	0	0
480	0	0	0	1	1	1	1	1	1	1	1	0	1	0	0	0	0	1
481	1	1	1	1	0	1	0	0	1	1	0	0	0	0	0	1	0	0
482	0	0	1	1	0	1	0	0	1	1	1	1	0	0	0	1	0	0
483	1	1	1	0	0	1	0	1	0	0	0	1	0	1	1	0	0	0
484	0	1	0	0	1	0	0	0	1	1	1	1	0	0	0	0	1	0
485	0	0	1	1	0	1	0	0	1	1	0	0	0	1	0	1	0	0
486	1	1	1	1	0	1	0	0	1	1	0	0	0	0	0	1	0	0
487	1	1	0	1	1	1	1	1	1	1	1	1	1	0	0	0	0	1
488	0	0	1	0	0	1	0	1	0	0	1	1	0	1	1	0	0	0
489	1	1	1	1	0	1	0	0	1	1	1	0	0	0	0	1	0	0
490	0	1	1	1	0	1	0	0	1	1	1	0	0	0	0	1	0	0
491	1	1	1	0	0	1	0	1	0	0	0	1	0	1	1	0	0	0
492	0	1	1	1	0	1	0	0	1	1	1	1	1	0	0	1	0	0
493	1	0	0	0	1	0	0	0	1	1	1	0	0	0	0	0	1	0
494	0	1	0	0	1	0	0	0	1	1	1	0	0	0	0	0	1	0
495	1	1	1	1	0	1	0	0	1	1	0	1	0	0	0	1	0	0
496	1	1	1	1	0	1	0	0	1	1	0	0	0	0	0	1	0	0
497	1	1	0	0	1	0	0	0	1	1	1	1	0	0	0	0	1	0
498	0	1	1	0	0	0	0	1	0	0	0	0	0	1	1	0	0	0
499	0	1	0	1	1	1	1	1	1	1	1	1	1	0	0	0	0	1
500	1	0	0	1	1	1	1	1	1	1	1	1	1	0	0	0	0	1
501	1	1	1	0	0	1	0	1	0	0	0	1	0	1	1	0	0	0
502	1	1	1	1	0	1	0	0	1	1	1	0	0	1	0	1	0	0
503	1	1	1	1	0	1	0	0	1	1	1	0	0	0	0	1	0	0
504	1	1	1	1	0	1	0	0	1	1	0	1	0	0	0	1	0	0
505	1	1	1	0	0	1	0	1	0	0	1	1	0	1	0	0	0	1
506	0	1	1	0	0	1	0	1	0	0	0	1	0	1	1	0	0	0
507	0	0	0	0	1	0	0	0	1	1	1	1	0	0	0	0	1	0
508	0	0	0	1	1	1	1	1	1	1	1	0	1	1	0	0	0	1
509	0	1	1	1	0	1	0	0	1	1	1	0	0	0	0	1	0	0
510	1	1	1	1	0	1	0	0	1	1	0	1	0	0	0	1	0	0
511	0	1	0	1	1	1	1	1	1	1	1	0	1	0	0	0	0	1
512	1	0	1	1	0	1	0	0	1	1	1	1	0	0	0	1	0	0
513	1	0	1	0	0	1	0	1	0	0	0	1	0	1	1	0	0	0
514	0	1	1	1	0	1	0	0	0	1	1	1	1	0	0	1	0	0
515	1	1	1	1	0	1	0	0	1	1	0	0	1	0	0	1	0	0
516	1	0	0	1	1	1	1	1	1	1	1	1	1	0	1	0	0	0
517	0	1	0	1	1	1	1	1	1	1	1	0	1	0	0	0	0	1
518	1	1	1	0	0	1	0	1	0	0	0	0	0	1	1	0	0	0
519	0	1	0	1	1	1	1	1	0	1	1	1	1	1	0	0	0	1
520	0	1	1	0	0	1	0	0	0	0	0	0	0	1	1	0	0	0
521	0	1	1	1	0	1	0	0	1	1	1	1	0	0	0	1	0	0
522	0	0	1	0	0	1	0	1	0	0	0	0	0	1	1	0	0	0
523	0	1	0	0	1	0	0	0	1	1	1	0	0	0	0	0	1	0
524	1	1	1	0	0	1	0	1	0	0	0	1	0	1	1	0	0	0
525	1	1	0	0	1	0	0	0	1	1	1	0	0	0	0	0	1	0
526	1	1	0	1	1	1	1	1	1	1	1	1	1	0	0	0	0	1
527	0	1	1	0	0	1	0	1	0	0	0	1	0	1	1	0	0	0
528	0	0	1	0	0	1	0	1	0	0	1	0	0	1	1	0	0	0
529	0	0	1	0	0	1	0	1	0	0	1	0	0	1	1	0	0	0
530	0	1	1	0	0	1	0	0	0	0	0	0	0	1	1	0	0	0
531	0	1	0	1	1	1	1	1	1	1	1	1	1	0	0	0	0	1
532	0	1	1	1	0	1	0	0	1	1	1	0	0	0	0	1	0	0
533	1	1	1	0	0	1	0	1	0	0	0	1	0	1	1	0	0	0
534	0	1	0	1	1	1	1	1	1	1	1	0	1	0	0	0	0	1
535	0	1	0	1	1	1	1	1	1	1	1	0	1	0	0	0	0	1
536	1	0	1	1	0	1	0	0	1	1	1	1	1	1	0	1	0	0
537	1	0	1	0	0	1	0	1	0	0	0	1	0	1	1	0	0	0
538	0	0	0	1	1	1	1	1	1	1	1	1	1	0	0	0	0	1
539	1	1	0	0	1	0	0	0	1	1	1	1	0	0	0	0	1	0
540	1	0	0	1	0	0	1	1	1	1	1	0	1	0	0	0	0	1
541	0	0	0	0	1	0	0	0	1	1	1	0	0	0	0	0	1	0
542	1	1	1	0	0	1	0	1	0	0	0	0	0	1	1	0	0	0
543	1	0	0	1	1	1	1	1	1	1	1	1	1	1	0	0	0	1
544	1	0	0	1	1	1	1	1	1	0	1	0	1	0	0	0	0	1
545	0	1	0	1	1	1	0	1	1	1	0	1	1	0	0	0	0	1
546	0	0	0	1	1	1	1	1	1	1	1	0	1	0	0	0	0	1
547	0	0	1	0	0	1	0	1	0	0	0	1	0	1	1	0	0	0
548	1	0	0	0	1	0	0	0	1	1	1	0	0	0	0	0	1	0
549	1	1	1	1	0	1	0	0	1	1	0	1	0	0	0	1	0	0
550	1	1	1	0	0	1	0	1	0	0	0	1	0	1	1	0	0	0
551	1	1	1	1	0	1	0	0	1	1	0	0	0	0	0	1	0	0
552	0	1	1	0	1	0	0	0	1	1	1	1	0	0	0	0	1	0
553	1	1	1	0	0	1	0	1	0	0	0	1	0	1	1	0	0	0
554	1	1	1	1	0	1	0	0	1	1	1	1	0	0	0	1	0	0
555	0	1	1	1	0	1	0	0	1	1	0	1	0	0	0	1	0	0
556	0	1	1	1	0	1	0	0	1	1	0	0	0	0	0	1	0	0
557	1	1	1	0	0	1	0	1	0	0	0	0	0	1	1	0	0	0
558	1	1	1	1	0	1	0	0	1	1	0	0	0	0	0	1	0	0
559	0	1	1	1	0	1	0	0	0	1	1	1	0	0	0	1	0	0
560	1	0	0	1	1	1	1	1	0	1	1	1	1	0	0	0	0	1
561	0	1	0	0	1	0	0	0	1	1	1	0	0	0	0	0	1	0
562	0	1	0	1	1	1	1	1	1	1	1	0	1	0	0	0	0	1
563	1	0	0	1	1	1	1	1	1	0	1	0	1	0	0	0	0	1
564	0	1	1	0	0	1	0	1	0	0	0	0	0	1	1	0	0	0
565	1	1	1	1	0	1	0	0	1	1	0	0	1	0	0	1	0	0
566	0	0	1	1	0	1	0	0	1	1	1	1	1	0	0	1	0	0
567	0	1	1	1	0	1	0	0	1	1	0	1	0	0	0	1	0	0
568	0	1	0	1	1	1	1	1	1	1	1	1	1	0	0	0	0	1
569	0	1	0	1	1	1	1	1	1	1	1	0	1	0	0	0	0	1
570	0	0	1	1	0	1	0	0	1	1	1	0	0	0	0	1	0	0
571	1	1	1	1	0	1	0	0	1	1	0	0	0	0	0	1	0	0
572	0	1	1	1	0	1	0	0	1	1	1	0	1	0	0	1	0	0
573	1	0	0	1	1	1	1	1	1	1	1	0	1	0	0	0	0	1
574	1	1	0	1	1	1	0	1	1	1	0	0	1	0	0	0	0	1
575	1	1	1	1	0	1	0	0	1	1	0	0	0	0	0	1	0	0
576	1	1	1	0	0	1	0	1	0	0	1	1	0	1	1	0	0	0
577	1	1	1	1	0	1	0	0	0	1	0	0	0	1	0	1	0	0
578	0	0	1	0	0	1	0	0	1	1	0	1	1	0	0	1	0	0
579	1	1	1	0	0	1	0	0	0	0	0	0	0	1	1	0	0	0
580	0	1	0	0	1	0	0	0	1	1	1	0	0	0	0	0	1	0
581	0	1	1	0	0	1	0	1	0	0	1	0	0	1	1	0	0	0
582	0	1	1	0	0	0	0	1	0	0	0	1	0	1	1	0	0	0
583	0	1	1	1	0	1	0	0	1	1	1	1	0	0	0	1	0	0
584	0	1	1	0	0	1	0	1	0	0	0	0	0	1	1	0	0	0
585	0	0	0	1	1	1	1	1	0	1	1	1	1	1	0	0	0	1
586	0	1	1	1	0	1	0	0	1	1	1	1	1	0	0	1	0	0
587	0	1	0	1	1	1	1	0	0	1	0	0	1	0	0	0	0	1
588	1	1	0	0	1	0	0	0	1	1	1	1	0	0	0	0	1	0
589	1	1	0	0	1	0	0	0	1	1	1	1	0	0	0	0	1	0
590	0	0	0	1	1	1	1	1	1	1	1	0	1	0	0	0	0	1
591	0	1	0	1	1	1	1	1	1	1	1	0	1	0	0	0	0	1
592	0	1	0	0	1	0	0	0	1	1	1	0	0	0	0	0	1	0
593	1	1	0	0	1	0	0	0	0	1	1	0	0	0	0	0	1	0
594	0	1	1	1	0	1	0	0	1	1	0	1	0	0	0	1	0	0
595	1	1	0	1	1	1	1	1	1	1	1	0	1	0	0	0	0	1
596	1	0	0	1	1	1	1	1	1	1	0	0	1	1	0	0	0	1
597	1	1	1	1	0	1	0	0	1	1	0	1	0	0	0	1	0	0
598	0	0	1	0	0	1	0	1	0	0	0	0	0	1	1	0	0	0
599	0	1	0	1	1	1	1	1	1	1	1	1	1	0	0	0	0	1
600	0	1	0	0	1	0	0	0	0	1	1	1	0	0	0	0	1	0
601	1	0	0	1	1	1	1	1	1	1	1	1	1	0	0	0	0	1
602	0	1	0	1	1	1	1	1	1	1	1	0	1	0	0	0	0	1
603	1	1	0	0	1	0	0	0	1	1	1	1	0	0	0	0	1	0
604	1	0	1	0	0	1	0	1	0	0	0	0	0	1	1	0	0	0
605	0	1	0	1	1	1	1	1	1	1	1	0	1	0	0	0	0	1
606	1	0	0	1	1	1	1	1	1	1	1	0	1	0	0	0	0	1
607	0	1	0	1	1	1	1	1	1	1	1	1	1	0	0	0	0	1
608	0	1	0	1	1	1	1	1	1	1	0	1	1	0	0	0	0	1
609	0	1	0	0	1	0	0	0	1	1	1	1	0	0	0	0	1	0
610	0	1	1	1	0	1	0	0	1	1	1	0	1	0	0	1	0	0
611	0	0	0	1	1	1	1	1	1	1	1	0	1	0	0	0	0	1
612	1	1	0	1	1	1	1	1	1	1	1	0	1	0	0	0	0	1
613	1	1	0	0	1	0	0	0	1	1	1	1	0	0	0	0	1	0
614	0	1	1	1	0	1	0	0	1	1	0	1	0	0	0	1	0	0
615	0	1	1	0	0	1	0	1	0	0	1	1	0	1	1	0	0	0
616	0	1	1	0	0	1	0	1	0	0	0	0	0	1	1	0	0	0
617	0	1	0	1	1	1	1	1	1	1	1	0	1	0	0	0	0	1
618	1	1	1	1	1	1	1	1	1	1	1	0	1	0	0	0	0	1
619	0	0	0	1	1	1	1	1	1	1	1	0	1	1	1	0	0	0
620	1	0	1	1	0	1	0	0	1	1	0	1	1	0	0	1	0	0
621	0	1	0	0	1	0	0	0	1	1	1	1	0	0	0	0	1	0
622	0	0	1	0	1	0	0	0	1	1	1	1	0	0	0	0	1	0
623	1	1	1	0	0	1	0	1	0	0	0	1	0	1	1	0	0	0
624	1	1	1	1	0	1	0	0	1	1	1	0	0	1	0	1	0	0
625	0	0	1	0	0	1	0	1	0	0	1	0	0	1	1	0	0	0
626	0	1	1	0	0	1	0	1	0	0	0	0	0	1	1	0	0	0
627	0	0	1	1	0	1	0	0	1	1	1	1	0	0	0	1	0	0
628	1	1	1	1	0	1	0	0	1	1	0	1	1	0	0	1	0	0
629	1	1	1	0	0	1	0	1	0	0	0	1	0	1	1	0	0	0
630	1	1	1	1	0	1	0	0	1	0	1	0	0	0	0	1	0	0
631	0	1	1	0	0	1	0	0	0	0	0	0	0	1	1	0	0	0
632	0	0	0	1	1	1	1	1	1	1	1	0	1	0	0	0	0	1
633	1	1	0	1	1	1	1	1	1	1	1	1	1	0	0	0	0	1
634	1	1	1	1	0	1	0	0	1	1	1	0	0	0	0	1	0	0
635	0	1	0	1	1	1	1	1	1	1	1	1	1	1	0	0	0	1
636	0	1	0	1	1	1	1	1	1	1	1	0	1	0	0	0	0	1
637	1	1	0	1	1	1	1	1	1	1	1	1	1	0	0	0	0	1
638	0	0	0	0	1	0	0	0	0	1	1	0	0	0	0	0	1	0
639	1	1	0	0	1	1	1	1	1	1	1	0	1	0	0	0	0	1
640	1	1	1	1	0	1	0	0	1	1	1	0	0	0	0	1	0	0
641	1	1	1	1	0	1	0	0	1	1	0	1	0	0	0	1	0	0
642	0	1	0	0	1	0	0	0	1	1	1	1	0	0	0	0	1	0
643	1	0	0	0	1	0	0	0	1	1	1	1	0	0	0	0	1	0
644	1	1	0	1	1	1	1	1	1	1	1	0	1	0	0	0	0	1
645	1	1	1	1	0	1	0	0	1	1	1	1	1	0	0	1	0	0
646	0	1	0	0	1	0	0	0	1	1	1	1	0	0	0	0	1	0
647	1	1	1	1	0	1	0	0	0	1	1	1	0	1	0	1	0	0
648	0	1	1	1	0	1	0	0	1	1	1	1	1	0	0	1	0	0
649	0	1	1	1	0	1	0	0	1	1	1	1	0	0	0	1	0	0
650	0	1	0	0	1	0	0	0	1	1	1	1	0	0	0	0	1	0
651	0	0	0	0	1	0	0	0	1	1	0	0	0	0	0	0	1	0
652	0	1	0	0	1	0	0	0	0	1	1	1	0	0	0	0	1	0
653	0	1	1	1	0	1	0	0	0	1	0	0	0	0	0	1	0	0
654	1	1	0	0	1	0	0	0	1	1	1	1	0	0	0	0	1	0
655	0	0	0	1	1	0	1	1	1	1	1	0	1	0	0	0	0	1
656	1	1	1	1	0	1	0	0	1	1	1	0	0	0	0	1	0	0
657	0	1	0	1	1	1	1	1	1	1	1	1	1	0	0	0	0	1
658	1	1	1	0	0	1	0	1	0	0	0	1	0	1	1	0	0	0
659	1	1	1	0	0	1	0	1	0	0	0	0	0	1	1	0	0	0
660	0	0	1	1	0	1	0	0	1	1	0	1	1	1	0	1	0	0
661	1	0	0	0	1	0	0	0	1	1	1	0	0	0	0	0	1	0
662	1	1	1	1	0	1	0	0	1	1	0	0	0	0	0	1	0	0
663	0	0	0	0	1	0	0	0	1	1	1	1	0	0	0	0	1	0
664	1	1	0	1	1	1	1	1	1	1	1	1	1	0	0	0	0	1
665	1	1	0	1	1	1	0	1	1	0	1	0	1	0	0	0	0	1
666	0	1	1	1	0	1	0	0	1	1	0	1	0	0	0	1	0	0
667	1	1	0	0	1	0	0	0	1	1	1	0	0	0	0	0	1	0
668	1	0	1	1	0	1	0	0	1	1	1	1	0	0	0	1	0	0
669	1	1	1	1	0	1	0	0	1	1	1	0	0	0	0	1	0	0
670	1	1	1	1	0	1	0	0	1	1	0	0	0	0	0	1	0	0
671	0	0	1	0	0	1	0	1	0	0	0	0	0	1	1	0	0	0
672	0	1	1	0	0	1	0	1	0	0	1	0	0	1	1	0	0	0
673	0	1	0	0	1	0	0	0	1	1	1	1	0	0	0	0	1	0
674	0	1	0	1	1	1	1	1	1	1	1	0	1	0	0	0	0	1
675	0	1	1	0	0	1	0	0	0	1	0	1	1	1	0	1	0	0
676	0	0	0	1	1	1	1	1	1	1	1	1	1	0	0	0	0	1
677	1	1	1	1	0	1	0	0	1	1	1	1	0	0	0	1	0	0
678	0	0	1	0	0	1	0	1	0	0	0	0	0	1	1	0	0	0
679	1	1	0	1	1	1	1	1	1	1	1	0	1	0	0	0	0	1
680	1	0	1	1	0	1	0	0	1	1	1	0	0	0	0	1	0	0
681	1	1	0	0	1	0	0	0	1	1	1	0	0	0	0	0	1	0
682	1	1	0	0	1	0	0	0	1	1	1	0	0	0	0	0	0	1
683	1	1	0	1	1	1	1	1	1	1	1	1	1	0	0	0	0	1
684	0	1	1	1	0	1	0	0	1	1	0	1	0	0	0	1	0	0
685	0	0	0	1	1	1	1	1	1	1	1	1	1	0	0	0	0	1
686	0	1	0	0	1	0	0	0	1	1	1	0	0	0	0	0	1	0
687	1	1	0	0	1	0	0	0	1	1	1	1	0	0	0	0	1	0
688	1	0	1	1	0	1	0	0	1	1	0	0	1	0	0	1	0	0
689	0	0	0	1	1	1	1	1	1	1	1	1	1	0	0	0	0	1
690	0	1	0	1	1	1	1	1	1	1	1	0	1	0	0	0	0	1
691	1	1	0	1	1	1	1	1	1	1	1	0	1	0	0	0	0	1
692	1	0	0	1	1	1	1	1	1	1	1	1	1	0	0	0	0	1
693	1	1	0	1	1	1	1	1	1	1	1	0	1	0	0	0	0	1
694	1	1	0	0	1	0	0	0	1	1	1	1	0	0	0	0	1	0
695	0	1	0	1	1	1	1	1	1	1	1	1	1	0	0	0	0	1
696	1	1	1	0	0	1	0	1	0	0	0	1	0	1	1	0	0	0
697	0	1	0	1	1	1	1	1	1	1	0	0	1	0	0	0	0	1
698	1	1	0	1	1	1	0	1	1	1	1	1	1	0	0	0	0	1
699	1	0	0	1	1	1	1	1	1	1	1	1	1	0	0	0	0	1
700	0	0	1	0	0	1	0	1	0	0	0	0	0	1	1	0	0	0
701	0	1	1	1	0	1	0	0	1	1	1	0	0	1	0	1	0	0
702	1	1	1	1	0	1	0	0	1	1	1	1	0	0	0	1	0	0
703	0	0	0	1	1	1	1	1	1	1	1	1	1	0	0	0	0	1
704	0	0	0	1	1	1	1	1	1	1	1	0	1	0	0	0	0	1
705	1	1	0	1	1	1	1	1	1	1	1	1	1	0	1	0	0	0
706	0	0	1	1	0	1	0	0	1	1	0	0	0	0	0	1	0	0
707	1	1	1	1	0	1	0	0	1	1	0	1	0	0	0	1	0	0
708	0	1	0	0	1	0	0	0	1	1	1	0	0	0	0	0	1	0
709	0	0	1	0	0	1	0	1	0	0	0	0	0	1	1	0	0	0
710	1	0	1	0	0	1	0	1	0	0	0	0	0	1	1	0	0	0
711	0	0	0	1	1	1	1	1	1	1	1	1	1	0	0	0	0	1
712	1	1	0	1	1	1	1	1	1	1	0	0	1	0	0	0	0	1
713	1	0	1	0	0	1	0	1	0	0	0	0	0	1	1	0	0	0
714	0	1	0	1	1	1	1	1	1	1	0	1	1	0	0	0	0	1
715	0	1	0	0	1	0	0	0	1	1	1	0	0	0	0	0	1	0
716	1	1	0	0	1	0	0	0	1	1	1	0	0	0	0	0	1	0
717	1	0	1	1	0	1	0	0	0	1	0	1	0	0	0	1	0	0
718	1	1	1	1	0	1	0	0	1	1	1	0	0	0	0	1	0	0
719	1	0	0	1	1	1	1	1	1	1	1	0	1	0	0	0	0	1
720	1	1	1	0	0	1	0	1	0	0	0	1	0	1	1	0	0	0
721	1	1	1	0	0	1	0	1	0	0	0	1	0	1	1	0	0	0
722	0	1	0	1	1	1	1	1	1	1	1	0	1	0	0	0	0	1
723	1	1	0	0	1	0	0	0	1	1	1	1	0	0	0	0	1	0
724	1	0	1	1	0	1	0	0	1	1	1	0	1	0	0	1	0	0
725	0	1	0	0	1	0	0	0	1	1	0	1	0	0	0	0	1	0
726	1	0	1	1	0	1	0	0	1	1	0	1	1	0	0	1	0	0
727	0	0	0	0	1	0	0	0	0	1	1	1	0	0	0	0	1	0
728	1	1	0	0	1	1	1	1	1	1	1	0	1	0	0	0	0	1
729	0	1	1	0	0	1	0	1	0	0	0	1	0	1	1	0	0	0
730	0	1	0	1	1	1	1	1	1	1	1	1	1	0	0	0	0	1
731	0	1	0	1	1	1	1	1	1	1	1	0	1	0	0	0	0	1
732	1	1	0	1	1	1	1	1	1	1	1	0	1	0	0	0	0	1
733	1	1	0	0	1	0	0	0	1	1	1	1	0	0	0	0	1	0
734	0	1	1	1	0	1	0	0	1	1	0	1	0	0	0	1	0	0
735	0	0	0	0	1	0	0	0	1	1	1	0	0	0	0	0	1	0
736	1	0	1	0	0	1	0	1	0	0	1	1	0	1	1	0	0	0
737	0	1	1	0	0	1	0	1	0	0	0	0	0	1	1	0	0	0
738	0	1	0	0	1	0	0	0	1	0	1	1	0	0	0	0	1	0
739	1	1	1	1	0	1	0	0	1	0	0	0	0	0	0	1	0	0
740	1	0	1	0	0	1	0	1	0	0	0	1	0	1	1	0	0	0
741	0	0	1	1	0	1	0	0	1	1	1	1	0	0	0	1	0	0
742	1	1	1	1	0	1	0	0	1	1	1	1	0	0	0	1	0	0
743	0	1	1	1	0	1	0	0	0	1	0	0	0	0	0	1	0	0
744	1	1	0	1	1	1	1	1	1	1	1	0	1	0	0	0	0	1
745	0	1	1	0	0	1	0	1	0	0	0	1	0	1	1	0	0	0
746	0	1	0	1	1	1	1	1	1	1	1	1	1	0	0	0	0	1
747	0	1	0	1	1	1	1	1	1	1	1	1	1	0	0	0	0	1
748	1	0	0	0	1	0	0	0	1	1	1	1	0	0	0	0	1	0
749	0	0	1	1	0	1	0	0	1	1	1	1	0	0	0	1	0	0
750	0	0	0	1	1	1	1	1	1	1	1	0	1	0	0	0	0	1
751	1	1	1	1	0	1	0	0	1	1	0	1	1	0	0	1	0	0
752	1	1	0	1	1	1	1	1	1	1	1	1	1	0	0	0	0	1
753	1	1	1	1	0	1	0	0	1	1	0	0	1	0	0	1	0	0
754	1	0	1	1	0	1	0	0	1	1	0	0	0	1	0	1	0	0
755	1	1	1	0	0	1	0	1	0	0	1	1	0	1	1	0	0	0
756	0	0	1	0	0	1	0	1	0	0	0	0	0	1	1	0	0	0
757	1	1	1	1	0	1	0	0	1	1	0	1	0	0	0	1	0	0
758	0	0	1	1	1	1	1	1	1	1	1	0	1	0	0	0	0	1
759	1	1	1	1	0	1	0	0	1	1	0	0	0	0	0	1	0	0
760	1	1	1	0	0	1	0	1	0	0	1	0	0	1	1	0	0	0
761	1	0	1	1	0	1	0	0	1	1	1	0	0	0	0	1	0	0
762	0	1	0	0	1	0	0	0	1	1	1	0	0	0	0	0	1	0
763	1	0	0	1	1	1	1	1	1	1	1	1	1	0	0	0	0	1
764	1	1	1	1	0	1	0	0	1	1	1	0	0	0	0	1	0	0
765	0	0	1	1	0	1	0	0	1	1	1	0	0	0	0	1	0	0
766	1	1	1	1	0	1	0	0	1	1	0	0	0	0	0	1	0	0
767	1	1	1	0	0	1	0	1	0	0	1	0	0	1	1	0	0	0
768	1	1	0	0	1	0	0	0	1	1	1	0	0	0	0	0	1	0
769	1	1	1	1	0	1	0	0	1	1	1	0	0	0	0	1	0	0
770	1	1	0	0	1	0	0	0	1	1	1	0	0	0	0	0	1	0
771	1	1	0	1	1	1	1	1	1	1	0	1	1	1	0	0	0	1
772	1	1	1	0	0	1	0	1	0	0	0	1	0	1	1	0	0	0
773	0	1	0	1	1	1	1	1	1	1	1	1	1	0	0	0	0	1
774	1	1	1	1	0	1	0	0	1	1	0	1	1	0	0	1	0	0
775	1	1	1	0	0	1	0	1	0	0	0	1	0	1	1	0	0	0
776	1	0	1	0	0	1	0	1	0	0	1	0	0	1	1	0	0	0
777	0	1	0	0	1	0	0	0	1	1	1	1	0	0	0	0	1	0
778	1	1	1	1	0	1	0	0	1	1	1	1	0	0	0	1	0	0
779	0	1	0	0	1	0	0	0	1	0	1	1	0	0	0	0	1	0
780	1	1	0	1	1	1	1	1	1	1	1	0	1	0	0	0	0	1
781	1	1	0	0	1	0	0	0	1	1	1	0	0	0	0	0	1	0
782	1	1	0	0	1	1	1	1	1	1	1	1	1	0	0	0	0	1
783	0	1	0	1	1	1	1	1	1	1	1	1	1	0	0	0	0	1
784	1	0	0	0	1	0	0	0	1	1	1	0	0	0	0	0	1	0
785	1	1	1	1	0	1	0	0	0	1	0	0	0	0	0	1	0	0
786	1	0	1	1	0	1	0	0	1	1	1	1	1	0	0	1	0	0
787	1	1	0	1	1	1	1	1	1	1	1	0	1	0	0	0	0	1
788	1	0	0	0	1	0	0	0	1	1	1	0	0	0	0	0	1	0
789	1	1	0	1	1	1	1	1	1	1	1	0	1	0	0	0	0	1
790	0	0	1	0	0	1	0	1	0	0	0	0	0	1	1	0	0	0
791	1	1	0	1	0	1	1	1	1	1	1	1	1	0	0	0	0	1
792	0	0	1	1	0	1	0	0	1	1	1	0	1	0	0	1	0	0
793	0	1	1	0	0	1	0	1	0	0	1	1	0	1	1	0	0	0
794	1	0	1	1	0	1	0	0	1	1	1	1	0	1	0	1	0	0
795	0	1	0	1	1	1	1	1	1	1	0	0	1	0	0	0	0	1
796	0	1	1	0	0	1	0	1	0	0	0	1	0	1	1	0	0	0
797	0	1	1	0	0	1	0	1	0	0	0	1	0	1	1	0	0	0
798	0	0	0	1	1	1	1	1	1	1	1	0	1	1	0	0	0	1
799	1	1	0	1	1	1	1	1	1	1	1	0	1	0	0	0	0	1
800	1	1	0	1	1	1	1	1	1	1	1	1	1	0	0	0	0	1
801	0	0	0	0	1	0	0	0	1	1	1	1	0	0	0	0	1	0
802	1	1	1	1	0	1	0	0	1	1	1	0	0	0	0	1	0	0
803	1	1	0	1	1	1	1	1	1	1	1	1	1	0	0	0	0	1
804	0	1	0	1	1	1	1	1	1	1	1	0	1	0	0	0	0	1
805	0	1	0	1	1	1	1	1	1	1	1	1	1	0	0	0	0	1
806	1	1	1	0	0	1	0	1	0	0	0	0	0	1	1	0	0	0
807	0	1	0	0	1	0	0	0	1	0	1	1	0	0	0	0	1	0
808	0	1	1	1	0	1	0	0	1	1	1	0	0	0	0	1	0	0
809	1	1	1	0	0	1	0	1	0	0	0	1	0	1	1	0	0	0
810	1	0	0	1	1	1	1	1	1	1	1	0	1	0	0	0	0	1
811	0	0	0	0	1	0	0	0	1	1	1	0	0	0	0	0	1	0
812	1	0	1	1	0	1	0	0	1	1	1	1	1	1	0	1	0	0
813	0	0	0	0	1	0	0	0	1	1	1	0	0	0	0	0	1	0
814	1	0	1	1	0	1	0	0	1	1	1	0	1	0	0	1	0	0
815	1	1	0	0	1	0	0	0	1	1	1	1	0	0	0	0	1	0
816	0	1	0	1	1	1	1	1	1	1	1	0	1	0	0	1	0	0
817	1	0	0	0	1	0	0	0	1	0	1	1	0	0	0	0	1	0
818	0	0	0	1	1	1	1	1	1	1	0	1	1	0	0	0	0	1
819	1	0	0	1	1	1	1	1	1	1	1	0	1	1	0	0	0	1
820	0	1	0	1	1	1	1	1	1	1	1	1	1	0	0	0	0	1
821	1	0	1	1	0	1	0	0	1	1	1	1	1	0	1	0	0	0
822	1	0	1	1	0	1	0	0	1	1	1	1	1	0	0	1	0	0
823	1	0	0	0	1	0	0	0	1	1	1	0	0	0	0	0	1	0
824	0	1	0	1	1	1	1	1	1	1	1	1	1	0	0	0	0	1
825	1	1	1	1	0	1	0	0	1	1	1	0	1	0	0	0	1	0
826	0	1	0	1	1	1	1	1	1	1	0	1	1	0	0	0	0	1
827	0	0	1	1	0	1	0	0	0	1	0	1	0	1	0	1	0	0
828	0	1	0	1	1	1	1	1	1	1	1	1	1	0	0	0	0	1
829	1	0	0	1	1	1	1	1	1	1	1	1	1	0	0	0	0	1
830	0	1	0	0	1	0	0	0	1	1	1	1	0	0	0	0	1	0
831	0	1	1	0	0	1	0	1	0	0	0	1	0	1	1	0	0	0
832	1	1	0	1	1	1	1	1	1	1	0	1	1	0	0	0	0	1
833	1	0	0	1	1	1	1	1	1	1	1	1	1	0	0	0	0	1
834	1	1	1	1	0	1	0	0	1	1	1	1	0	0	0	1	0	0
835	0	0	1	1	0	1	0	0	1	1	1	0	0	0	0	1	0	0
836	1	1	1	0	0	1	0	1	0	0	0	1	0	1	1	0	0	0
837	1	0	1	1	0	1	0	0	1	1	1	1	1	0	0	1	0	0
838	0	0	0	1	1	1	1	1	1	1	1	1	1	0	0	0	0	1
839	0	1	0	1	1	1	1	1	1	1	1	0	1	0	0	0	0	1
840	0	0	1	0	0	1	0	1	0	0	0	1	0	1	1	0	0	0
841	0	1	1	0	0	1	0	0	1	1	1	0	0	0	0	1	0	0
842	1	1	1	0	0	1	0	1	0	0	0	0	0	1	1	0	0	0
843	0	0	0	0	1	0	0	0	1	1	1	0	0	0	0	0	1	0
844	1	0	1	0	0	1	0	1	0	0	1	1	0	1	1	0	0	0
845	0	1	1	1	0	1	0	0	0	1	1	1	0	0	0	1	0	0
846	1	1	1	0	0	1	0	1	0	0	0	1	0	1	1	0	0	0
847	0	1	1	1	0	1	0	0	1	1	0	0	0	0	0	1	0	0
848	0	1	0	0	1	0	0	0	1	1	1	0	0	0	0	0	1	0
849	0	1	1	1	0	1	0	0	1	1	1	0	0	0	0	1	0	0
850	1	1	1	1	0	1	0	0	1	1	0	1	0	0	0	1	0	0
851	0	1	0	1	1	1	1	1	1	1	1	1	1	1	0	0	0	1
852	1	1	0	0	0	0	0	0	1	0	1	1	0	0	0	0	1	0
853	0	1	0	1	1	1	1	1	1	1	1	1	1	0	0	0	0	1
854	0	1	1	1	0	1	0	0	1	1	0	0	1	0	0	1	0	0
855	0	0	0	0	1	0	0	0	1	1	1	1	0	0	0	0	1	0
856	0	1	0	0	1	0	0	0	1	0	1	0	0	0	0	0	1	0
857	1	0	0	0	1	0	0	0	1	1	1	0	0	0	0	0	1	0
858	1	0	0	0	1	0	0	0	1	1	1	1	0	0	0	0	1	0
859	1	1	0	1	1	1	1	1	1	1	1	0	1	0	0	0	0	1
860	1	1	1	0	0	1	0	1	0	0	1	1	0	1	1	0	0	0
861	0	1	1	0	0	1	0	1	0	0	1	0	0	1	1	0	0	0
862	0	1	0	1	1	1	1	1	1	1	0	1	1	0	0	0	0	1
863	1	0	1	0	0	1	0	1	0	0	0	1	0	1	1	0	0	0
864	0	1	1	1	0	1	0	0	1	1	1	1	0	0	0	1	0	0
865	1	1	1	1	0	1	0	0	1	1	0	1	0	0	0	1	0	0
866	1	1	1	0	0	1	0	1	0	0	0	1	0	1	1	0	0	0
867	1	0	0	0	0	0	0	0	1	1	1	0	0	0	0	0	1	0
868	0	1	1	1	0	1	0	0	1	1	0	0	0	0	0	1	0	0
869	0	1	1	0	0	1	0	1	0	0	0	0	0	1	1	0	0	0
870	1	0	1	0	0	1	0	1	0	0	0	0	0	1	1	0	0	0
871	0	1	0	0	1	0	0	0	1	1	1	1	0	0	0	0	1	0
872	0	1	0	0	1	0	0	0	1	1	1	1	0	0	0	0	1	0
873	1	1	1	1	0	1	0	0	1	1	1	1	0	0	0	1	0	0
874	0	0	0	0	1	0	0	0	1	1	1	0	0	0	0	0	1	0
875	0	0	1	1	0	1	0	0	1	1	1	0	0	1	0	1	0	0
876	1	1	1	1	0	1	0	0	1	1	1	0	0	0	0	1	0	0
877	0	0	1	1	0	0	0	0	1	1	1	1	0	0	0	1	0	0
878	1	1	0	1	1	1	1	1	1	1	0	0	1	0	0	0	0	1
879	0	1	0	1	1	1	1	1	0	1	1	1	1	0	0	0	0	1
880	1	0	1	0	0	1	0	1	0	0	0	1	0	1	1	0	0	0
881	0	1	1	0	0	1	0	1	0	0	1	1	0	1	1	0	0	0
882	1	0	0	0	1	0	0	0	1	1	1	1	0	0	0	0	1	0
883	1	1	1	1	0	1	0	0	1	1	1	1	0	0	0	1	0	0
884	0	1	0	0	1	0	0	0	1	1	1	0	0	0	0	0	1	0
885	1	0	1	0	0	1	0	1	0	0	1	1	0	1	1	0	0	0
886	0	1	1	0	0	1	0	1	0	0	0	1	0	1	1	0	0	0
887	0	1	0	0	1	0	0	0	1	1	1	0	0	0	0	0	1	0
888	0	1	0	0	1	0	0	0	1	1	1	0	0	0	0	0	1	0
889	0	1	0	0	1	0	0	0	1	1	1	1	0	0	0	0	1	0
890	0	1	0	0	1	0	0	0	1	1	1	0	0	0	0	0	1	0
891	1	1	0	0	1	0	0	0	1	1	1	0	0	0	0	0	1	0
892	0	0	1	0	0	1	0	1	0	0	0	1	0	1	1	0	0	0
893	0	0	1	1	0	1	0	0	1	1	1	1	0	0	0	1	0	0
894	0	1	0	0	1	0	0	0	0	1	1	1	0	0	0	0	1	0
895	0	1	1	0	0	1	0	1	0	0	0	0	0	1	1	0	0	0
896	1	0	0	0	1	0	0	0	1	1	1	1	0	0	0	0	1	0
897	1	1	0	1	1	1	1	1	1	1	0	0	1	0	0	0	0	1
898	0	1	0	0	1	0	0	0	1	1	1	1	0	0	0	0	1	0
899	0	1	1	1	0	1	0	0	1	1	1	0	0	0	0	1	0	0
900	1	1	1	1	0	1	0	0	1	1	0	1	0	0	0	1	0	0
901	1	1	1	0	0	1	0	1	0	0	0	0	0	1	1	0	0	0
902	0	1	0	1	1	1	1	1	1	1	1	0	1	0	0	0	0	1
903	1	0	1	1	0	1	0	0	1	1	1	0	1	0	0	1	0	0
904	1	1	1	1	0	1	0	0	1	1	0	0	0	0	0	1	0	0
905	0	1	0	0	1	0	0	0	0	1	1	0	0	0	0	0	1	0
906	0	1	0	0	1	0	0	0	1	1	1	0	0	0	0	0	1	0
907	0	0	1	1	0	1	0	0	1	1	1	0	0	0	0	1	0	0
908	1	1	0	0	1	0	0	0	1	1	1	1	0	0	0	0	1	0
909	1	0	1	0	0	1	0	1	0	0	0	0	0	1	1	0	0	0
910	0	1	1	1	0	1	0	0	1	1	0	0	0	0	0	1	0	0
911	1	1	0	1	1	1	1	0	1	1	1	1	1	0	0	0	0	1
912	0	0	1	1	0	1	0	0	1	1	0	1	1	1	0	1	0	0
913	1	0	1	0	0	1	0	1	0	0	1	1	0	1	1	0	0	0
914	0	1	0	1	1	1	1	1	1	1	0	1	1	0	0	0	0	1
915	1	0	0	1	1	1	1	1	1	0	1	1	1	0	0	0	0	1
916	0	0	1	1	0	1	0	0	1	1	1	1	1	1	1	0	0	0
917	0	1	1	0	0	1	0	0	1	1	0	1	0	0	0	1	0	0
918	1	0	0	1	1	1	1	1	1	1	1	1	1	0	0	0	0	1
919	1	0	1	0	0	1	0	1	0	0	0	0	0	1	1	0	0	0
920	0	0	1	1	0	1	0	0	1	1	0	0	0	0	0	1	0	0
921	0	0	1	0	0	1	0	1	0	0	0	0	0	1	1	0	0	0
922	0	1	1	0	0	1	0	1	0	0	0	0	0	1	1	0	0	0
923	0	1	0	0	1	0	0	0	1	1	1	1	0	0	0	0	1	0
924	0	1	0	1	1	1	1	1	1	1	0	0	1	0	0	0	0	1
925	0	1	1	1	0	1	0	0	1	1	0	1	0	0	0	1	0	0
926	0	1	0	1	1	1	1	1	1	1	0	0	1	0	0	0	0	1
927	1	1	1	0	0	1	0	1	0	0	1	0	0	1	1	0	0	0
928	0	0	0	1	1	1	1	1	1	0	1	0	1	0	0	0	0	1
929	1	1	1	1	0	1	0	0	0	1	0	1	0	1	0	1	0	0
930	0	1	1	0	0	1	0	1	0	0	0	1	0	1	1	0	0	0
931	0	1	0	0	1	0	0	0	1	1	1	0	0	0	0	0	1	0
932	0	1	0	1	1	0	0	0	0	1	1	0	0	1	0	0	1	0
933	0	1	1	1	0	1	0	0	1	1	1	1	1	0	0	1	0	0
934	1	1	1	0	0	1	0	1	0	0	0	0	0	1	1	0	0	0
935	0	0	0	1	1	1	1	1	0	1	1	0	1	0	0	0	0	1
936	0	0	0	0	1	0	0	0	1	1	1	1	0	0	0	0	1	0
937	0	1	1	1	0	1	0	0	0	1	0	0	0	0	0	1	0	0
938	1	0	1	1	0	1	0	0	1	1	1	0	0	0	0	1	0	0
939	1	0	0	1	1	1	1	1	1	1	1	1	1	1	0	0	0	1
940	1	0	0	1	1	1	0	1	1	1	1	1	1	0	0	0	0	1
941	1	1	1	0	0	1	0	1	0	0	0	0	0	1	1	0	0	0
942	0	1	0	0	1	0	0	0	1	0	1	0	0	0	0	1	0	0
943	0	1	1	0	0	1	0	1	0	0	0	1	0	1	1	0	0	0
944	1	0	0	1	0	1	1	1	1	1	1	0	1	0	0	0	0	1
945	0	1	1	1	0	1	0	0	1	1	1	0	0	0	0	1	0	0
946	0	0	1	0	0	1	0	1	0	0	0	1	0	1	1	0	0	0
947	0	1	1	1	0	1	0	0	1	1	1	1	0	0	0	1	0	0
948	1	0	1	1	0	1	0	0	1	1	1	0	1	0	0	1	0	0
949	0	1	1	0	0	1	0	1	0	0	1	0	0	1	1	0	0	0
950	0	1	1	1	0	1	0	0	1	1	0	1	0	0	0	1	0	0
951	0	1	1	1	0	1	0	0	1	1	1	0	0	0	0	1	0	0
952	1	0	1	0	0	1	0	1	0	0	0	1	0	1	1	0	0	0
953	1	0	0	0	1	0	0	0	1	1	1	0	0	0	0	0	1	0
954	0	1	1	1	0	1	0	0	1	1	0	1	0	0	0	1	0	0
955	1	0	1	1	0	1	0	0	1	1	1	0	0	1	0	1	0	0
956	1	0	0	0	1	0	0	0	1	1	1	1	0	0	0	0	1	0
957	0	1	1	0	0	1	0	1	0	0	0	1	0	1	1	0	0	0
958	0	1	1	1	0	1	0	0	1	1	1	0	0	0	0	1	0	0
959	1	1	1	1	0	1	0	0	1	1	1	1	1	0	0	1	0	0
960	1	0	1	1	0	1	0	0	1	1	0	0	1	1	0	1	0	0
961	0	0	1	1	0	1	0	0	1	1	0	1	0	0	0	1	0	0
962	1	1	0	1	1	1	1	1	1	1	1	1	1	0	0	0	0	1
963	0	0	1	0	0	1	0	1	0	0	1	0	0	1	1	0	0	0
964	1	1	0	1	1	1	1	1	1	1	1	1	1	0	0	0	0	1
965	1	1	1	1	0	1	0	0	1	1	1	0	0	0	0	1	0	0
966	0	1	1	1	0	1	0	0	1	1	1	0	0	0	0	1	0	0
967	1	1	1	1	0	1	0	0	1	1	0	1	1	0	0	1	0	0
968	1	1	1	1	0	0	0	0	1	1	1	1	0	0	0	1	0	0
969	1	1	1	0	0	1	0	1	0	0	0	1	0	1	1	0	0	0
970	1	0	1	1	0	1	0	0	1	1	0	1	0	0	0	1	0	0
971	0	1	1	1	0	1	0	0	1	1	0	0	1	0	0	1	0	0
972	0	1	0	0	1	0	0	0	1	1	1	1	0	0	0	0	1	0
973	0	1	0	1	1	1	1	1	1	1	1	0	1	0	0	0	0	1
974	1	1	0	1	1	1	1	1	1	1	0	0	1	0	0	0	0	1
975	0	1	1	0	0	1	0	1	0	0	0	1	0	1	1	0	0	0
976	0	1	1	0	0	1	0	1	0	0	0	1	0	1	1	0	0	0
977	0	0	0	0	1	0	0	0	1	1	1	0	0	0	0	0	1	0
978	1	1	1	1	0	1	0	0	1	1	1	1	0	0	0	1	0	0
979	0	1	1	0	0	1	0	1	0	0	0	1	0	1	1	0	0	0
980	0	1	0	1	1	1	1	1	1	1	0	0	1	0	0	0	0	1
981	0	1	0	1	1	1	1	1	1	1	1	1	1	0	0	0	0	1
982	0	1	1	0	0	1	0	1	0	0	0	1	0	1	1	0	0	0
983	1	1	0	1	1	1	1	1	1	1	1	1	1	0	0	0	0	1
984	1	0	0	1	1	1	1	1	1	1	1	1	1	0	0	0	0	1
985	0	1	1	1	0	1	0	0	1	1	1	0	0	0	0	1	0	0
986	0	1	0	0	1	0	0	0	1	1	1	1	0	0	0	0	1	0
987	1	0	0	1	1	1	1	1	1	1	1	0	1	0	0	0	0	1
988	1	0	1	0	0	1	0	1	0	0	0	0	0	1	1	0	0	0
989	1	1	0	1	1	1	1	1	1	1	1	1	1	0	0	0	0	1
990	1	0	0	1	1	1	1	1	1	1	1	1	1	0	0	0	0	1
991	0	0	0	0	1	0	0	0	1	1	1	0	0	0	0	0	1	0
992	0	1	1	1	0	1	0	0	1	1	1	0	0	0	0	1	0	0
993	1	0	1	0	1	1	1	1	0	1	1	1	1	0	0	0	0	1
994	1	0	1	1	0	1	0	0	1	1	0	1	1	0	0	1	0	0
995	1	1	0	1	1	1	1	1	1	1	1	1	1	0	0	0	0	1
996	1	1	0	0	1	0	0	0	0	1	1	0	0	0	0	0	1	0
997	1	1	1	0	0	1	0	1	0	0	0	1	0	1	1	0	0	0
998	0	1	1	1	0	1	0	0	1	1	1	0	1	0	0	1	0	0
999	1	0	1	1	0	1	0	0	1	1	1	0	0	0	0	1	0	0
1000	0	1	1	1	0	1	0	0	1	1	1	1	0	0	0	1	0	0
1001	1	1	0	1	1	1	1	1	1	1	1	0	1	0	0	0	0	1
1002	0	1	0	1	1	1	1	1	1	1	1	0	1	0	0	0	0	1
1003	0	1	0	0	1	1	1	1	1	1	1	1	1	0	0	0	0	1
1004	1	1	0	1	1	1	1	1	1	1	1	1	1	0	0	0	0	1
1005	1	1	0	0	1	0	0	0	1	1	1	0	0	0	0	0	1	0
1006	0	0	1	0	0	1	0	1	0	0	1	0	0	1	1	0	0	0
1007	0	0	1	1	0	1	0	0	1	1	1	1	0	0	0	1	0	0
1008	0	1	0	1	1	1	1	1	1	1	1	1	1	0	0	0	0	1
1009	0	1	1	0	0	1	0	1	0	0	0	0	0	1	1	0	0	0
1010	0	1	0	1	1	1	1	1	1	1	1	0	1	0	0	0	0	1
1011	0	1	1	1	0	1	0	0	1	1	1	0	1	0	0	1	0	0
1012	0	0	0	0	1	0	0	0	1	1	1	1	0	0	0	0	1	0
1013	0	1	1	1	0	1	0	0	1	1	1	1	0	0	0	1	0	0
1014	0	1	1	0	0	1	0	1	0	0	1	0	0	1	1	0	0	0
1015	1	0	1	0	0	1	0	1	0	0	0	0	0	1	1	0	0	0
1016	0	1	0	1	1	1	1	1	1	1	1	1	1	0	0	0	0	1
1017	0	1	1	1	0	1	0	0	1	1	1	1	0	0	0	1	0	0
1018	0	0	1	1	0	1	0	0	1	1	1	0	1	0	0	1	0	0
1019	0	1	0	1	1	1	1	1	1	1	0	1	1	0	0	0	0	1
1020	0	1	1	0	0	1	0	1	0	0	0	0	0	1	1	0	0	0
1021	0	1	0	1	0	1	1	1	1	1	1	1	1	0	0	0	0	1
1022	1	0	0	0	1	0	0	0	1	1	1	0	0	0	0	0	1	0
1023	1	0	0	1	1	1	1	1	1	1	1	1	1	0	0	0	0	1
1024	0	0	1	0	0	1	0	1	0	0	0	1	0	1	1	0	0	0
1025	1	1	0	1	1	1	1	1	1	1	1	0	1	1	0	0	0	1
1026	0	1	1	1	0	0	0	0	1	1	1	0	0	0	0	1	0	0
1027	0	1	0	1	1	1	1	1	1	1	1	0	1	0	0	0	0	1
1028	1	1	1	1	0	1	0	0	1	1	0	1	0	0	0	1	0	0
1029	1	0	0	1	1	1	1	1	1	1	1	1	1	0	0	0	0	1
1030	1	1	1	1	0	1	0	0	1	1	1	1	1	0	0	1	0	0
1031	0	1	0	0	1	0	0	0	1	1	1	0	0	0	0	0	1	0
1032	1	1	1	1	0	1	0	0	1	1	0	1	0	0	0	1	0	0
1033	0	0	0	1	1	1	1	1	1	1	1	0	1	0	0	0	0	1
1034	0	1	0	1	1	1	1	1	1	1	1	0	1	0	0	0	0	1
1035	1	0	0	0	1	0	0	0	1	1	1	0	0	0	0	0	1	0
1036	1	1	1	0	0	1	0	1	0	0	0	0	0	1	1	0	0	0
1037	1	1	0	1	1	1	1	1	1	1	1	1	1	0	0	0	0	1
1038	0	0	0	0	1	0	0	0	1	1	1	1	0	0	0	0	1	0
1039	1	1	1	1	0	1	0	0	1	1	1	1	0	0	0	1	0	0
1040	1	0	1	0	0	1	0	1	0	0	0	1	0	1	1	0	0	0
1041	0	0	0	1	1	1	1	1	1	1	1	1	1	0	0	0	0	1
1042	1	0	0	0	1	0	0	0	1	1	1	0	0	0	0	0	1	0
1043	1	0	1	0	0	1	0	1	0	0	0	0	0	1	1	0	0	0
1044	1	0	0	1	1	1	1	1	1	1	1	0	1	0	0	0	0	1
1045	0	1	0	1	1	1	1	1	1	1	1	1	1	0	0	0	0	1
1046	0	1	1	0	0	1	0	1	0	0	1	1	0	1	1	0	0	0
1047	1	0	1	1	0	1	0	0	1	1	1	1	0	0	0	1	0	0
1048	0	1	0	1	1	1	1	1	1	1	1	1	1	0	0	0	0	1
1049	1	1	0	1	1	1	1	1	1	1	1	1	1	0	0	0	0	1
1050	0	1	0	1	1	1	1	1	1	1	1	1	1	0	0	0	0	1
1051	1	1	0	0	1	0	0	0	1	1	1	1	0	0	0	0	1	0
1052	1	1	1	0	0	1	0	1	0	0	0	0	0	1	1	0	0	0
1053	0	0	1	1	0	1	0	0	1	1	1	0	0	0	0	1	0	0
1054	1	1	0	0	1	0	0	0	1	1	1	1	0	0	0	0	1	0
1055	0	0	0	1	1	1	1	1	1	1	1	0	1	0	0	0	0	1
1056	0	1	1	0	0	1	0	1	0	0	1	0	0	1	1	0	0	0
1057	1	1	0	1	1	1	1	1	1	1	1	0	1	0	0	0	0	1
1058	0	0	0	1	1	1	1	1	1	1	1	1	1	0	0	0	0	1
1059	1	1	1	0	0	1	0	1	0	0	0	1	0	1	1	0	0	0
1060	1	1	0	1	1	1	0	1	1	1	1	0	1	0	0	0	0	1
1061	0	1	0	1	1	1	1	1	1	1	1	1	1	0	0	0	0	1
1062	0	0	1	0	0	1	0	1	0	0	1	0	0	1	1	0	0	0
1063	1	0	1	0	0	1	0	1	0	0	0	1	0	1	1	0	0	0
1064	1	1	0	0	1	0	0	0	0	1	1	0	0	0	0	0	1	0
1065	1	0	0	1	1	1	1	1	1	1	1	1	1	0	0	0	0	1
1066	0	1	1	1	0	1	0	0	1	1	0	0	0	0	0	1	0	0
1067	1	0	1	1	0	1	0	0	1	1	0	1	0	0	0	1	0	0
1068	1	1	1	0	0	1	0	1	0	0	0	0	0	1	1	0	0	0
1069	1	0	1	1	0	1	0	0	1	1	1	1	0	0	0	1	0	0
1070	1	1	0	1	0	1	1	1	1	1	1	0	1	0	0	0	0	1
1071	1	1	1	1	0	1	0	0	1	1	1	0	0	0	0	1	0	0
1072	0	1	0	0	1	0	0	0	1	0	1	1	0	0	0	0	1	0
1073	1	1	1	1	0	1	0	0	1	1	0	0	0	0	0	1	0	0
1074	1	1	1	1	0	1	0	0	1	1	0	1	0	0	0	1	0	0
1075	1	1	0	0	1	0	0	0	1	1	1	1	0	0	0	0	1	0
1076	1	0	0	0	1	0	0	0	1	1	1	0	0	0	0	0	1	0
1077	0	1	0	1	1	1	1	1	1	1	1	1	1	0	0	0	0	1
1078	1	1	1	1	0	1	0	0	1	1	0	0	1	0	0	1	0	0
1079	0	1	1	1	0	1	0	0	1	1	0	1	0	0	0	0	1	0
1080	1	1	0	0	1	0	0	0	1	1	1	1	0	0	0	0	1	0
1081	0	1	0	1	1	1	1	1	1	1	1	1	1	0	0	0	0	1
1082	1	1	0	0	1	0	0	0	1	1	1	0	0	0	0	0	1	0
1083	1	1	0	0	1	0	0	0	1	1	1	0	0	0	0	0	1	0
1084	1	1	1	1	0	1	0	0	1	1	1	0	0	0	0	1	0	0
1085	1	0	1	0	0	1	0	1	0	0	0	0	0	1	1	0	0	0
1086	0	1	1	0	0	1	0	1	0	0	0	1	0	1	1	0	0	0
1087	0	1	1	1	0	1	0	0	1	1	1	0	1	0	0	1	0	0
1088	0	1	1	0	0	1	0	1	0	0	1	1	0	1	1	0	0	0
1089	1	1	1	0	0	1	0	1	0	0	0	1	0	1	1	0	0	0
1090	0	1	1	1	0	1	0	0	1	1	0	1	0	0	0	1	0	0
1091	0	1	0	1	1	1	1	1	1	1	1	1	1	0	0	0	0	1
1092	0	1	1	1	0	1	0	0	1	1	1	0	0	0	0	1	0	0
1093	0	0	1	1	0	1	0	0	1	1	1	0	0	0	0	1	0	0
1094	0	1	1	1	0	1	0	0	1	1	1	0	1	0	0	1	0	0
1095	0	1	1	1	0	1	0	0	1	1	0	1	0	0	0	1	0	0
1096	0	1	1	1	0	1	0	0	1	1	1	0	0	0	0	1	0	0
1097	1	1	0	1	1	1	1	1	1	1	1	1	1	0	0	0	0	1
1098	1	1	0	0	1	0	0	0	1	0	1	0	0	0	0	0	1	0
1099	1	1	1	0	0	0	0	1	0	0	0	1	0	1	0	0	0	1
1100	0	1	1	1	0	1	0	0	1	1	0	0	0	0	0	1	0	0
1101	1	1	0	0	1	0	0	0	1	1	1	0	0	0	0	0	1	0
1102	0	1	1	0	0	1	0	1	0	0	0	0	0	1	1	0	0	0
1103	1	0	0	1	1	1	1	1	1	1	1	0	1	0	0	0	0	1
1104	0	0	0	1	1	1	1	1	1	1	1	1	1	0	0	0	0	1
1105	1	0	0	1	1	1	1	1	1	1	1	1	1	0	0	0	0	1
1106	0	1	1	1	0	1	0	0	1	1	1	1	0	0	0	1	0	0
1107	0	1	1	1	0	1	0	0	1	1	0	1	0	0	0	1	0	0
1108	1	0	1	1	0	1	0	0	1	1	1	0	0	1	0	1	0	0
1109	1	1	0	1	1	1	1	1	1	1	1	0	1	0	0	0	0	1
1110	1	1	1	1	0	1	0	0	1	1	0	0	0	0	0	1	0	0
1111	1	0	1	1	0	1	0	0	1	1	1	0	0	0	0	1	0	0
1112	0	1	0	0	1	0	0	0	1	1	1	0	0	0	0	0	1	0
1113	0	1	1	1	0	1	0	0	1	1	1	0	0	0	0	1	0	0
1114	0	1	1	0	0	1	0	1	0	0	0	0	0	1	0	1	0	0
1115	1	0	1	1	0	1	0	0	1	1	1	1	0	0	0	1	0	0
1116	1	1	1	1	0	1	0	0	1	1	1	0	1	0	0	1	0	0
1117	0	1	1	1	0	1	0	0	1	1	0	0	1	0	0	1	0	0
1118	0	1	1	1	0	1	0	0	1	1	1	0	0	0	0	1	0	0
1119	1	1	0	0	1	0	0	0	1	1	1	0	0	0	0	0	1	0
1120	1	1	0	1	1	1	1	1	1	1	1	1	1	0	0	0	0	1
1121	0	1	1	0	0	1	0	1	0	0	0	1	0	1	1	0	0	0
1122	0	0	0	1	1	1	1	1	1	1	1	0	1	0	0	0	0	1
1123	0	1	0	0	1	0	0	0	1	1	1	1	0	0	0	0	1	0
1124	1	1	0	0	1	0	0	0	1	1	1	0	0	0	0	0	1	0
1125	0	1	1	0	0	1	0	1	0	0	0	0	0	1	1	0	0	0
1126	0	1	1	0	0	1	0	1	0	0	0	0	0	1	1	0	0	0
1127	0	0	0	0	1	0	0	0	1	1	1	1	0	0	0	0	1	0
1128	1	1	1	0	0	0	0	1	0	0	0	1	0	1	1	0	0	0
1129	0	1	0	0	1	0	0	0	1	1	1	0	0	0	0	0	1	0
1130	0	1	1	1	0	1	0	0	1	1	0	1	0	0	0	1	0	0
1131	1	1	0	0	1	0	0	0	1	1	1	0	0	0	0	0	1	0
1132	0	0	1	1	0	1	0	0	1	1	1	1	0	1	0	1	0	0
1133	1	1	1	1	0	1	0	0	1	1	0	0	0	0	0	1	0	0
1134	0	1	0	0	0	0	0	0	1	1	1	0	0	0	0	0	1	0
1135	1	1	1	0	0	1	0	1	0	0	0	1	0	1	1	0	0	0
1136	1	1	1	0	0	1	0	1	0	0	1	1	0	1	1	0	0	0
1137	1	0	0	1	1	1	1	1	1	1	1	1	1	0	0	0	0	1
1138	1	1	0	1	1	1	1	1	1	1	1	1	1	0	0	0	0	1
1139	1	1	0	1	1	1	1	1	1	1	1	1	1	0	0	0	0	1
1140	1	1	0	0	1	0	0	0	1	1	1	0	0	0	0	0	1	0
1141	1	1	1	1	0	1	0	0	1	1	1	1	0	0	0	1	0	0
1142	0	1	1	0	0	1	0	1	0	0	0	1	0	1	1	0	0	0
1143	0	1	0	0	1	0	0	0	1	1	1	0	0	0	0	0	1	0
1144	0	0	1	1	0	1	0	0	1	1	0	1	0	1	0	1	0	0
1145	1	0	0	1	1	1	1	1	1	1	1	0	1	0	0	0	0	1
1146	0	1	0	0	1	0	0	0	1	1	1	0	0	0	0	0	1	0
1147	1	1	1	0	0	1	0	1	0	0	0	1	0	1	1	0	0	0
1148	1	0	1	0	0	1	0	1	0	0	0	1	0	1	1	0	0	0
1149	0	0	1	1	0	1	0	0	1	1	1	0	0	0	0	1	0	0
1150	0	1	0	0	1	0	0	0	1	1	0	1	0	0	0	0	1	0
1151	1	0	0	0	1	0	0	0	1	1	1	0	0	0	0	0	1	0
1152	0	1	1	0	1	0	0	0	1	1	1	1	0	0	0	0	1	0
1153	1	1	1	1	1	1	1	1	1	1	1	0	1	0	0	0	0	1
1154	0	1	1	0	0	1	0	1	0	0	0	1	0	1	1	0	0	0
1155	1	1	1	0	0	1	0	1	0	0	0	0	0	1	1	0	0	0
1156	1	1	1	0	0	1	0	1	0	0	0	1	0	1	1	0	0	0
1157	0	1	0	1	1	1	1	1	1	1	1	1	1	0	0	0	0	1
1158	1	1	1	1	0	1	0	0	1	1	0	0	0	0	0	1	0	0
1159	1	1	0	0	1	0	0	0	1	1	1	0	0	0	0	0	1	0
1160	1	0	1	0	0	1	0	1	0	0	0	0	0	1	1	0	0	0
1161	1	1	1	1	0	1	0	0	1	0	0	0	0	0	0	1	0	0
1162	0	1	0	0	1	0	0	0	1	1	1	0	0	0	0	0	1	0
1163	0	0	1	0	0	1	0	1	0	0	0	1	0	1	1	0	0	0
1164	1	0	1	1	0	1	0	0	1	1	1	0	0	0	0	1	0	0
1165	1	1	0	1	1	1	1	1	1	1	1	0	1	0	0	0	0	1
1166	0	1	1	1	0	1	0	0	1	1	1	0	0	0	0	1	0	0
1167	0	1	0	1	1	1	1	1	1	1	0	0	1	0	0	0	0	1
1168	1	1	0	1	1	1	1	1	1	1	1	1	1	0	0	0	0	1
1169	0	0	1	0	0	1	0	1	0	0	1	0	0	1	1	0	0	0
1170	1	1	1	1	0	1	0	0	1	1	0	0	0	0	0	1	0	0
1171	0	0	1	1	1	1	1	1	0	1	1	1	1	0	0	0	0	1
1172	0	1	1	1	0	1	0	0	1	1	0	0	0	0	0	1	0	0
1173	1	1	1	1	0	1	0	0	1	1	1	1	0	0	0	1	0	0
1174	0	1	1	1	0	1	0	0	1	1	1	0	0	0	0	1	0	0
1175	0	1	0	1	1	1	1	1	1	1	1	1	1	0	0	0	0	1
1176	0	1	0	1	1	1	1	1	0	1	1	0	1	0	0	0	0	1
1177	1	1	1	1	0	1	0	0	1	1	1	1	0	0	0	1	0	0
1178	1	0	1	0	0	1	0	1	0	0	0	1	0	1	1	0	0	0
1179	0	1	1	1	0	1	0	0	1	1	1	0	0	0	0	1	0	0
1180	1	0	0	0	1	0	0	0	1	1	1	0	0	0	0	0	1	0
1181	1	0	0	0	1	0	0	0	1	1	1	0	0	0	0	0	1	0
1182	1	0	0	1	1	1	1	1	1	1	1	0	1	0	0	0	0	1
1183	0	1	1	1	0	1	0	0	1	1	1	1	0	0	0	1	0	0
1184	1	1	0	0	1	0	0	0	1	1	1	0	0	0	0	0	1	0
1185	1	0	1	1	0	1	0	0	1	1	0	1	0	0	0	1	0	0
1186	1	1	0	1	1	0	1	1	1	1	1	1	1	0	0	0	0	1
1187	1	1	1	0	0	1	0	1	0	0	0	1	0	1	1	0	0	0
1188	0	1	1	0	0	1	0	1	0	0	0	1	0	1	1	0	0	0
1189	1	1	1	1	0	1	0	0	1	1	0	1	0	0	0	1	0	0
1190	1	1	0	1	1	1	1	1	1	0	1	0	1	0	0	0	0	1
1191	1	1	0	0	1	0	0	0	1	1	1	1	0	0	0	0	1	0
1192	1	1	1	0	0	1	0	1	0	0	0	0	0	1	0	1	0	0
1193	0	0	0	1	1	1	1	1	1	1	0	1	1	0	0	0	0	1
1194	0	0	1	0	0	0	0	1	0	0	0	1	0	1	1	0	0	0
1195	0	1	0	1	1	1	1	1	1	1	0	1	1	0	0	0	0	1
1196	0	0	1	0	0	1	0	1	0	0	0	0	0	1	1	0	0	0
1197	0	1	0	1	1	0	1	1	1	1	0	0	1	0	0	0	0	1
1198	0	1	0	1	1	1	1	1	1	1	1	0	1	0	0	0	0	1
1199	0	1	1	0	0	1	0	0	1	1	1	1	0	0	0	1	0	0
1200	1	1	0	1	1	1	1	1	1	1	1	1	1	0	0	0	0	1
1201	1	1	0	0	1	0	0	0	1	1	1	1	0	0	0	0	1	0
1202	1	1	1	1	0	1	0	0	1	1	1	0	1	0	0	1	0	0
1203	0	1	1	1	0	1	0	0	1	1	0	1	1	0	0	1	0	0
1204	1	1	0	1	1	1	1	1	1	1	1	0	1	1	0	0	0	1
1205	1	1	0	1	1	1	1	1	1	1	1	0	1	0	0	0	0	1
1206	1	1	1	1	0	1	0	0	1	1	0	0	0	0	0	1	0	0
1207	0	0	0	1	1	1	1	1	1	1	1	1	1	0	0	0	0	1
1208	1	1	0	0	1	0	0	0	1	1	1	0	0	0	0	0	1	0
1209	0	1	0	0	1	0	0	0	1	1	1	0	0	0	0	0	1	0
1210	0	1	1	0	0	1	0	1	0	0	0	1	0	1	1	0	0	0
1211	0	1	1	1	0	1	0	0	1	1	0	0	1	0	0	1	0	0
1212	0	1	1	1	0	1	0	0	0	1	0	1	0	1	0	1	0	0
1213	1	1	0	0	1	0	0	0	1	1	1	1	0	0	0	0	1	0
1214	1	1	1	1	0	1	0	0	1	1	1	1	0	1	0	1	0	0
1215	0	1	1	0	0	1	0	0	0	1	0	1	0	0	0	1	0	0
1216	0	1	1	0	0	1	0	1	0	0	0	1	0	1	1	0	0	0
1217	0	0	0	0	1	0	0	0	1	1	1	0	0	0	0	0	1	0
1218	1	1	0	1	1	1	1	1	1	1	1	1	1	0	0	0	0	1
1219	0	0	0	1	1	1	1	1	1	1	1	1	1	0	0	0	0	1
1220	1	1	0	1	1	1	1	1	1	1	1	0	1	0	0	0	0	1
1221	1	1	0	0	1	0	0	0	1	1	1	1	0	0	0	0	1	0
1222	1	0	1	1	0	1	0	0	1	1	1	0	0	0	0	1	0	0
1223	1	1	0	0	1	0	0	0	1	0	1	1	0	0	0	0	1	0
1224	0	1	1	0	0	1	0	1	0	0	0	0	0	1	1	0	0	0
1225	1	1	1	1	0	1	0	0	1	1	1	0	1	0	0	1	0	0
1226	0	1	0	1	1	1	1	1	1	1	1	0	1	0	0	0	0	1
1227	1	1	1	0	0	1	0	1	0	0	0	1	0	1	1	0	0	0
1228	1	1	0	0	1	0	0	0	1	1	1	0	0	0	0	0	1	0
1229	0	1	0	0	1	0	0	0	1	1	1	1	0	0	0	0	1	0
1230	0	0	0	0	1	0	0	0	1	1	1	0	0	0	0	0	1	0
1231	0	1	0	1	1	1	1	1	1	1	0	1	1	0	0	0	0	1
1232	1	1	0	1	1	1	1	1	1	1	1	0	1	0	0	0	0	1
1233	1	1	1	0	0	1	0	1	0	0	0	0	0	1	1	0	0	0
1234	0	1	1	1	0	1	0	0	1	1	0	1	0	0	0	1	0	0
1235	1	1	1	1	0	1	0	0	1	1	1	0	0	0	0	1	0	0
1236	0	0	1	1	0	1	0	0	1	1	1	1	0	1	0	1	0	0
1237	0	0	0	1	1	1	1	1	1	1	1	0	1	0	0	0	0	1
1238	1	1	1	0	0	1	0	1	0	0	0	0	0	1	1	0	0	0
1239	1	1	1	1	0	1	0	0	1	1	0	0	1	0	0	1	0	0
1240	1	1	0	0	1	0	0	0	1	1	1	1	0	0	0	0	1	0
1241	0	1	1	1	0	1	0	0	1	1	0	0	0	0	0	1	0	0
1242	0	1	0	0	1	0	0	0	1	1	1	1	0	0	0	0	1	0
1243	0	1	1	1	0	1	0	0	1	1	1	0	0	0	0	1	0	0
1244	0	1	0	0	1	1	1	1	1	1	0	1	1	0	0	0	0	1
1245	0	1	1	1	0	1	0	0	1	1	1	0	1	0	0	1	0	0
1246	1	1	1	1	0	1	0	0	1	1	1	1	0	0	0	1	0	0
1247	1	1	0	1	1	1	1	1	1	1	1	1	1	0	0	0	0	1
1248	1	0	0	1	1	1	1	0	1	1	1	0	1	0	0	0	0	1
1249	1	0	0	1	1	1	1	1	1	1	1	1	1	0	0	0	0	1
1250	1	0	1	1	0	1	0	0	1	1	0	1	0	0	0	1	0	0
1251	0	0	1	1	0	1	0	0	1	1	1	1	1	0	0	1	0	0
1252	0	1	1	1	0	1	0	0	1	1	1	0	0	0	0	1	0	0
1253	1	0	1	1	0	1	0	0	1	1	0	0	0	1	0	1	0	0
1254	1	1	1	1	0	1	0	0	1	1	1	0	0	0	0	1	0	0
1255	1	1	0	0	1	0	0	0	1	1	1	0	0	0	0	0	1	0
1256	1	1	1	1	1	1	1	1	1	1	0	0	1	0	0	0	0	1
1257	1	0	0	1	1	1	1	1	1	1	1	0	1	1	0	0	0	1
1258	0	1	0	1	1	1	1	1	1	1	1	1	1	0	0	0	0	1
1259	1	1	0	1	1	1	0	1	1	1	1	1	1	0	0	0	0	1
1260	0	1	1	0	0	1	0	1	0	0	0	1	0	1	1	0	0	0
1261	0	1	1	1	0	1	0	0	1	1	0	1	0	0	0	1	0	0
1262	0	1	1	1	0	1	0	0	1	1	0	0	0	0	0	1	0	0
1263	0	0	1	1	0	0	0	0	1	1	1	0	0	0	0	1	0	0
1264	0	1	0	0	1	0	0	0	1	1	1	0	0	0	0	0	1	0
1265	0	1	0	0	1	0	0	0	1	1	1	0	0	0	0	0	1	0
1266	0	1	0	1	1	1	1	1	1	1	1	1	1	0	0	0	0	1
1267	1	0	0	0	1	0	0	0	1	1	1	1	0	0	0	0	1	0
1268	1	0	0	0	1	0	0	0	1	1	1	1	0	0	0	0	1	0
1269	0	1	1	1	0	1	0	0	1	1	0	1	1	0	0	1	0	0
1270	0	0	1	0	0	1	0	1	0	0	0	0	0	1	1	0	0	0
1271	0	0	1	1	0	1	0	0	1	1	1	1	0	0	0	1	0	0
1272	1	1	1	0	0	1	0	1	0	0	0	0	0	1	1	0	0	0
1273	1	0	0	0	1	0	0	0	1	1	1	0	0	0	0	0	1	0
1274	0	0	1	0	0	1	0	1	0	0	1	1	0	1	1	0	0	0
1275	1	0	1	1	0	1	0	0	1	1	1	1	0	0	0	1	0	0
1276	0	1	0	1	1	1	0	0	1	1	1	0	1	0	0	1	0	0
1277	1	1	1	1	0	0	0	0	1	1	0	1	0	0	0	1	0	0
1278	1	0	1	0	0	1	0	1	0	0	0	1	0	1	1	0	0	0
1279	0	1	1	1	0	1	0	0	1	1	1	1	1	0	0	1	0	0
1280	0	0	1	1	0	1	0	0	1	1	1	1	1	1	0	1	0	0
1281	1	1	0	1	1	1	1	1	1	1	1	1	1	0	0	0	0	1
1282	1	0	1	1	0	1	0	0	1	1	1	1	0	0	0	1	0	0
1283	0	1	0	1	1	1	1	1	0	1	1	1	1	0	0	0	1	0
1284	0	0	1	1	0	1	0	0	1	1	1	1	1	0	0	1	0	0
1285	0	1	0	0	1	0	0	0	1	1	1	0	0	0	0	0	1	0
1286	0	1	1	0	0	1	0	1	0	0	0	0	0	1	1	0	0	0
1287	0	1	1	1	0	1	0	0	1	1	1	1	0	0	0	1	0	0
1288	1	1	1	1	0	1	0	0	0	1	0	1	0	0	0	1	0	0
1289	0	1	0	1	1	1	1	1	1	1	1	1	1	0	0	0	0	1
1290	0	1	1	1	0	1	0	0	1	1	1	1	0	1	0	1	0	0
1291	1	1	0	1	1	1	1	1	1	1	1	0	1	0	0	0	0	1
1292	1	0	1	1	0	1	0	0	1	1	1	0	1	0	0	1	0	0
1293	0	1	0	0	1	0	0	0	1	1	1	0	0	0	0	0	1	0
1294	1	1	0	0	1	0	0	0	1	1	1	1	0	0	0	0	1	0
1295	0	0	0	1	1	1	1	1	1	1	1	1	1	0	0	0	0	1
1296	0	1	0	0	1	0	0	0	1	1	1	1	0	0	0	0	1	0
1297	1	1	0	1	1	1	1	1	1	1	1	0	1	0	0	0	0	1
1298	1	1	1	1	0	1	0	0	1	1	0	0	0	0	0	1	0	0
1299	0	1	0	1	1	1	1	1	1	1	1	0	1	0	0	0	0	1
1300	0	1	0	1	1	1	1	1	1	1	1	0	1	0	0	0	0	1
1301	0	0	0	0	1	0	0	0	1	1	1	1	0	0	0	0	1	0
1302	1	1	1	0	0	1	0	1	0	0	0	1	0	1	1	0	0	0
1303	1	1	1	1	0	1	0	1	0	1	1	1	0	1	0	1	0	0
1304	1	1	1	1	0	1	0	0	1	1	0	1	0	0	0	1	0	0
1305	1	1	1	0	0	1	0	1	0	0	0	0	0	1	1	0	0	0
1306	0	1	0	0	1	0	0	0	1	1	1	1	0	0	0	0	1	0
1307	1	1	1	1	0	1	0	0	1	1	0	1	1	0	0	1	0	0
1308	1	1	0	1	1	1	1	1	1	1	1	0	1	0	0	0	0	1
1309	0	1	0	1	1	1	1	1	1	1	1	0	1	0	0	0	0	1
1310	0	0	1	0	0	1	0	1	0	0	1	0	0	1	1	0	0	0
1311	1	0	0	1	1	1	1	0	1	1	0	0	1	0	0	0	0	1
1312	1	1	1	1	0	1	0	0	1	1	1	0	0	0	0	1	0	0
1313	1	0	1	1	0	1	0	0	1	1	0	1	0	0	0	1	0	0
1314	0	1	1	0	0	1	0	1	0	0	0	1	0	1	1	0	0	0
1315	0	1	1	1	0	1	0	0	1	1	1	0	1	0	0	1	0	0
1316	1	0	1	1	0	1	0	0	1	1	1	1	0	0	0	1	0	0
1317	0	0	1	1	0	1	0	0	1	1	0	1	0	1	0	1	0	0
1318	0	1	0	0	1	0	0	0	1	1	1	0	0	0	0	0	1	0
1319	0	1	0	0	1	0	0	0	1	1	1	0	0	0	0	0	1	0
1320	0	0	1	1	0	1	0	0	1	1	1	1	0	1	0	1	0	0
1321	1	0	1	0	0	1	0	1	0	0	0	0	0	1	1	0	0	0
1322	1	1	1	0	0	1	0	1	0	0	1	1	0	1	1	0	0	0
1323	1	1	1	1	0	1	0	0	1	1	1	1	0	0	0	1	0	0
1324	1	1	1	0	0	1	0	1	0	0	0	0	0	1	1	0	0	0
1325	0	1	0	1	1	1	1	0	1	0	1	1	1	0	0	0	0	1
1326	1	1	1	0	0	1	0	1	0	0	0	1	0	1	1	0	0	0
1327	1	1	0	1	1	1	1	1	1	1	1	1	1	0	0	0	0	1
1328	0	0	0	1	1	1	1	1	1	1	1	1	1	0	0	0	0	1
1329	0	1	1	0	0	1	0	1	0	0	1	0	0	1	1	0	0	0
1330	1	1	1	0	0	1	0	1	0	0	0	1	0	1	1	0	0	0
1331	1	1	1	0	0	1	0	1	0	0	1	0	0	1	1	0	0	0
1332	1	1	1	1	0	1	0	0	1	1	1	1	0	0	0	1	0	0
1333	1	1	0	1	1	1	1	1	1	1	1	0	1	0	0	0	0	1
1334	0	1	1	1	0	1	0	0	1	1	1	1	1	0	0	1	0	0
1335	0	1	0	1	1	1	1	1	1	1	1	1	1	0	0	0	0	1
1336	0	1	1	0	1	0	0	0	1	1	1	1	0	0	0	0	1	0
1337	1	0	0	1	1	1	1	1	1	1	1	0	1	0	0	0	0	1
1338	1	1	1	1	0	1	0	0	0	1	0	0	0	0	0	1	0	0
1339	0	1	0	1	1	1	1	1	1	1	1	0	1	0	0	0	0	1
1340	1	1	1	1	0	1	0	0	0	1	1	1	0	0	0	1	0	0
1341	1	1	0	0	1	0	0	0	1	1	1	1	0	0	0	0	1	0
1342	1	1	0	1	1	1	1	1	1	1	1	0	1	0	0	0	0	1
1343	0	0	1	1	0	1	0	0	1	1	1	1	0	0	0	1	0	0
1344	0	1	0	0	1	0	0	0	1	1	1	1	0	0	0	0	1	0
1345	0	0	0	1	1	1	1	1	1	1	1	1	1	0	0	0	0	1
1346	0	1	1	1	0	1	0	0	1	1	0	1	0	0	0	1	0	0
1347	1	1	0	0	1	0	0	0	1	1	1	1	0	0	0	0	1	0
1348	1	1	1	1	0	1	0	0	1	1	0	0	0	0	0	1	0	0
1349	1	1	1	0	0	1	0	1	0	0	0	1	0	1	1	0	0	0
1350	0	1	0	0	1	0	0	0	1	1	1	1	0	0	0	0	1	0
1351	1	1	0	0	1	0	0	0	1	1	1	0	0	0	0	0	1	0
1352	0	0	0	1	1	1	0	1	1	1	1	0	1	0	0	0	0	1
1353	1	1	0	1	1	1	1	1	1	1	1	1	1	0	0	0	0	1
1354	0	1	0	1	1	1	1	1	1	1	1	1	1	0	0	0	0	1
1355	1	0	1	1	0	1	0	0	1	1	1	0	0	1	0	1	0	0
1356	1	0	0	1	1	1	1	1	1	1	1	0	1	0	0	0	0	1
1357	0	0	1	1	0	1	0	0	1	1	0	0	0	0	0	1	0	0
1358	0	1	1	1	0	1	0	0	1	1	0	1	1	0	0	1	0	0
1359	1	1	1	0	0	1	0	1	0	0	0	0	0	1	1	0	0	0
1360	1	1	0	1	1	1	1	1	1	1	1	0	1	0	0	0	0	1
1361	1	0	1	1	0	1	0	0	1	1	1	0	0	0	0	1	0	0
1362	0	1	0	0	1	0	0	0	1	1	1	1	0	0	0	0	1	0
1363	1	1	1	0	0	1	0	1	0	0	0	0	0	1	1	0	0	0
1364	1	1	1	0	0	1	0	1	0	0	0	1	0	1	1	0	0	0
1365	1	1	0	1	1	1	1	1	1	1	1	0	1	0	0	0	0	1
1366	1	0	1	1	0	1	0	0	1	1	0	1	0	0	0	1	0	0
1367	0	1	1	1	0	1	0	0	1	1	1	1	0	0	0	1	0	0
1368	1	0	0	0	1	0	0	0	1	1	1	1	0	0	0	0	1	0
1369	0	0	0	1	1	1	1	1	1	1	1	1	1	0	0	0	0	1
1370	0	1	1	1	0	1	0	0	1	1	1	1	0	0	0	1	0	0
1371	1	1	1	0	0	1	0	1	0	0	0	1	0	1	1	0	0	0
1372	1	1	1	1	1	1	1	1	1	1	0	0	1	0	0	0	0	1
1373	1	1	0	1	0	1	1	1	1	1	1	1	1	0	0	0	0	1
1374	0	1	1	1	0	1	0	0	1	1	1	1	0	0	0	1	0	0
1375	0	1	0	0	1	0	0	0	1	1	1	0	0	0	0	0	1	0
1376	0	1	1	1	0	1	0	0	1	1	0	1	0	0	0	1	0	0
1377	0	1	1	0	0	1	0	1	0	0	0	0	0	1	1	0	0	0
1378	0	1	1	0	0	1	0	1	0	0	0	1	0	1	1	0	0	0
1379	1	1	0	1	1	1	1	1	1	1	1	1	1	0	0	0	0	1
1380	0	1	0	0	1	0	0	0	1	1	1	1	0	0	0	0	1	0
1381	0	0	1	1	0	1	0	0	1	1	0	1	0	0	0	1	0	0
1382	1	1	0	1	1	1	1	1	1	1	1	1	1	0	0	0	0	1
1383	1	1	1	1	0	1	0	0	1	1	1	1	0	0	0	1	0	0
1384	0	0	0	1	1	1	1	1	1	1	1	1	1	0	0	0	0	1
1385	0	1	0	1	1	1	1	1	1	1	1	0	1	0	0	0	0	1
1386	1	1	1	1	0	1	0	0	1	1	1	0	1	0	0	1	0	0
1387	1	1	1	1	0	1	0	0	1	1	1	1	0	0	0	1	0	0
1388	0	1	0	1	1	1	1	1	1	1	0	1	1	0	0	0	0	1
1389	0	1	0	1	1	1	1	1	1	1	0	0	1	0	0	0	0	1
1390	1	0	0	1	1	1	0	0	1	1	1	0	1	0	0	0	0	1
1391	0	1	1	0	0	1	0	1	0	0	1	1	0	1	1	0	0	0
1392	1	1	1	1	0	1	0	0	1	0	1	0	0	0	0	1	0	0
1393	0	1	0	1	1	1	1	1	1	1	1	0	1	0	0	0	0	1
1394	0	1	0	0	1	0	0	0	1	1	1	1	0	0	0	0	1	0
1395	1	1	0	1	1	1	1	1	1	1	1	0	1	0	0	0	0	1
1396	0	1	1	1	0	1	0	0	1	1	1	1	1	0	0	1	0	0
1397	0	1	0	1	1	1	0	1	1	1	1	0	1	0	0	0	0	1
1398	1	1	1	0	0	1	0	1	0	0	0	0	0	1	1	0	0	0
1399	0	1	1	1	0	1	0	0	1	1	1	1	0	1	0	1	0	0
1400	1	1	1	0	0	1	0	1	0	0	0	0	0	1	1	0	0	0
1401	1	1	1	0	0	1	0	1	0	0	0	0	0	1	1	0	0	0
1402	1	1	0	0	1	0	0	0	1	1	1	0	0	0	0	0	1	0
1403	0	1	0	0	1	0	0	0	1	1	1	1	0	0	0	0	1	0
1404	0	1	0	1	1	1	1	1	1	1	1	1	1	0	0	0	0	1
1405	0	1	1	0	0	1	0	1	0	0	0	0	0	1	1	0	0	0
1406	0	1	1	0	0	1	0	1	0	0	1	0	0	1	1	0	0	0
1407	0	1	1	0	0	1	0	1	0	0	0	1	0	1	1	0	0	0
1408	0	1	0	1	1	1	1	1	1	1	1	1	1	0	0	0	0	1
1409	1	1	1	1	0	0	0	0	1	1	0	0	1	0	0	1	0	0
1410	1	1	1	1	0	1	0	0	1	1	0	1	0	0	0	1	0	0
1411	0	1	1	0	0	1	0	1	0	0	1	0	0	1	1	0	0	0
1412	1	1	1	1	0	1	0	0	1	1	1	0	1	0	0	1	0	0
1413	1	0	0	0	1	0	0	0	1	1	1	1	0	0	0	0	1	0
1414	0	1	0	1	1	1	1	1	1	1	1	1	1	0	0	0	0	1
1415	1	1	0	0	1	1	1	1	1	1	0	1	1	0	0	0	0	1
1416	1	0	1	1	0	1	0	0	1	1	1	1	0	0	0	1	0	0
1417	0	1	0	0	1	0	0	0	1	1	1	0	0	0	0	0	1	0
1418	1	0	1	0	0	1	0	1	0	0	0	1	0	1	1	0	0	0
1419	1	0	0	1	1	1	1	1	1	1	1	1	1	0	0	0	0	1
1420	1	1	0	1	0	1	1	1	1	1	1	0	1	0	0	0	1	0
1421	0	1	1	1	0	1	0	0	1	1	1	0	1	0	0	1	0	0
1422	0	0	0	1	1	1	1	1	1	1	1	1	1	0	0	0	0	1
1423	1	1	1	1	0	1	0	0	1	1	0	1	0	0	0	1	0	0
1424	0	1	1	0	0	1	0	1	0	0	0	0	0	1	1	0	0	0
1425	1	1	0	0	1	0	0	0	1	1	1	0	0	0	0	0	1	0
1426	0	1	1	1	0	1	0	0	1	1	0	0	0	0	0	1	0	0
1427	0	1	1	1	0	1	0	0	1	1	1	1	0	0	0	1	0	0
1428	0	0	1	1	0	0	0	0	1	1	1	0	0	1	0	1	0	0
1429	0	1	0	1	1	1	1	1	1	1	1	0	1	0	0	0	0	1
1430	0	0	0	1	1	1	1	1	1	1	1	1	1	0	0	0	0	1
1431	1	1	0	0	1	0	0	0	1	1	1	0	0	0	0	0	1	0
1432	0	1	0	1	1	1	1	1	1	1	1	1	1	0	0	0	0	1
1433	0	0	1	1	0	1	0	0	1	1	1	1	0	0	0	1	0	0
1434	1	1	0	0	1	1	1	1	1	1	1	1	1	0	0	0	0	1
1435	0	1	1	0	0	1	0	1	0	0	0	0	0	1	1	0	0	0
1436	1	1	1	1	0	1	0	0	1	1	1	1	0	0	0	0	0	1
1437	0	1	0	0	1	0	0	0	1	1	1	0	0	0	0	0	1	0
1438	0	1	1	0	0	1	0	1	0	0	0	0	0	1	1	0	0	0
1439	1	1	1	1	0	1	0	0	1	1	1	1	0	0	0	1	0	0
1440	0	1	1	1	0	1	0	0	1	1	0	0	0	0	0	1	0	0
1441	0	1	1	0	0	1	0	1	0	0	0	1	0	1	1	0	0	0
1442	1	1	0	0	1	0	0	0	1	1	1	0	0	0	0	0	1	0
1443	0	1	1	1	0	1	0	0	0	1	1	1	1	0	0	1	0	0
1444	1	1	1	0	0	1	0	1	0	0	0	0	0	1	1	0	0	0
1445	1	0	0	1	1	1	1	1	1	1	1	1	1	0	0	0	1	0
1446	0	1	1	0	0	1	0	1	0	0	1	0	0	1	1	0	0	0
1447	0	1	1	1	0	1	0	0	1	1	1	0	0	0	1	0	0	0
1448	0	1	0	0	0	0	0	0	1	1	1	1	0	0	0	0	1	0
1449	0	0	0	1	1	1	1	1	1	1	1	0	1	0	1	0	0	0
1450	1	1	0	0	1	0	0	0	1	1	1	0	0	0	0	0	1	0
1451	0	1	0	1	1	1	1	1	1	1	0	0	1	0	0	0	0	1
1452	0	0	1	0	0	1	0	0	0	0	0	1	0	1	1	0	0	0
1453	1	0	0	0	1	0	0	0	1	1	1	0	0	0	0	0	1	0
1454	0	1	1	1	0	1	0	0	1	1	1	1	0	0	0	1	0	0
1455	0	0	0	1	1	1	1	1	1	1	1	1	1	1	0	0	0	1
1456	0	1	1	1	0	1	0	0	1	1	1	1	1	0	0	1	0	0
1457	1	1	1	1	0	1	0	0	1	1	1	0	0	0	0	1	0	0
1458	1	0	1	0	0	1	0	1	0	0	0	1	0	1	1	0	0	0
1459	1	1	1	0	0	0	0	1	0	0	0	0	0	1	1	0	0	0
1460	1	1	1	1	0	1	0	0	1	1	1	1	0	0	0	1	0	0
1461	1	1	0	1	1	1	1	1	0	1	1	1	1	0	0	0	0	1
1462	0	0	0	0	1	0	0	0	1	1	1	0	0	0	0	0	1	0
1463	1	1	1	0	0	1	0	1	0	0	0	1	0	1	1	0	0	0
1464	1	1	1	1	0	1	0	0	1	1	1	1	0	0	0	1	0	0
1465	0	1	1	1	0	1	0	0	1	1	0	0	0	0	0	1	0	0
1466	1	1	0	1	1	1	1	1	1	1	0	1	1	0	0	0	0	1
1467	1	0	1	1	0	1	0	0	1	1	1	1	0	1	0	1	0	0
1468	1	1	1	0	0	1	0	0	1	1	0	1	1	0	0	1	0	0
1469	1	1	1	1	0	1	0	0	1	1	1	0	0	0	0	1	0	0
1470	1	0	0	1	1	1	1	1	1	1	1	0	1	1	0	0	0	1
1471	1	1	0	0	1	0	0	0	1	1	1	0	0	0	0	0	1	0
1472	1	1	1	1	0	1	0	0	1	1	1	1	0	0	0	1	0	0
1473	0	1	0	0	1	0	0	0	1	1	1	1	0	0	0	0	1	0
1474	0	0	1	1	0	1	0	0	1	1	1	0	0	0	0	1	0	0
1475	0	0	1	0	0	1	0	1	0	0	0	0	0	1	1	0	0	0
1476	0	1	1	1	0	1	0	0	1	1	0	1	0	0	0	1	0	0
1477	1	1	0	0	1	0	0	0	1	1	1	1	0	0	0	0	1	0
1478	1	1	0	1	1	1	1	1	1	1	1	1	1	0	0	0	0	1
1479	0	0	0	1	1	1	1	1	1	1	1	1	1	0	0	0	0	1
1480	1	0	0	0	1	0	0	0	1	1	1	0	0	0	0	0	1	0
1481	1	1	0	0	1	0	0	0	1	1	1	1	0	0	0	0	1	0
1482	1	1	0	1	1	0	1	1	1	1	1	1	1	0	0	0	0	1
1483	1	1	1	1	0	1	0	0	1	1	1	0	0	0	0	1	0	0
1484	0	0	1	1	0	1	0	0	1	1	1	1	1	1	0	1	0	0
1485	1	1	0	1	1	1	1	1	1	1	1	1	1	0	0	0	0	1
1486	0	0	1	1	0	1	0	0	1	1	1	1	0	0	0	1	0	0
1487	0	1	1	1	0	1	0	0	1	1	0	0	1	0	0	1	0	0
1488	1	1	0	0	1	0	0	0	1	1	1	0	0	0	0	0	1	0
1489	0	0	1	1	0	1	0	0	1	1	1	0	0	0	0	1	0	0
1490	0	1	0	1	1	1	1	1	1	1	0	0	1	0	0	0	0	1
1491	1	1	0	1	1	1	1	1	1	1	0	0	1	0	0	0	0	1
1492	1	1	1	1	0	1	0	0	1	1	1	1	0	0	0	1	0	0
1493	1	0	1	0	0	1	0	1	0	0	1	1	0	1	1	0	0	0
1494	0	1	1	1	0	1	0	0	1	1	1	1	0	0	0	1	0	0
1495	0	1	0	1	1	1	1	1	1	1	0	0	1	0	0	0	0	1
1496	0	1	1	0	0	1	0	1	0	0	0	0	0	1	1	0	0	0
1497	1	1	1	1	0	1	0	0	1	1	1	0	0	0	0	1	0	0
1498	0	1	0	0	1	0	0	0	1	1	1	1	0	0	0	0	1	0
1499	1	1	1	1	0	1	0	0	1	1	0	0	0	1	0	1	0	0
1500	0	0	0	1	1	1	1	1	1	0	0	1	1	0	0	0	0	1
1501	0	1	0	1	1	1	1	1	1	1	1	1	1	0	0	0	0	1
1502	0	1	1	1	0	1	0	0	1	1	1	1	0	0	0	1	0	0
1503	1	0	0	1	1	1	1	1	1	1	1	0	1	0	0	0	0	1
1504	0	1	1	0	0	1	0	1	0	0	0	1	0	1	1	0	0	0
1505	0	1	1	1	0	1	0	0	1	1	0	0	0	0	0	1	0	0
1506	0	1	0	1	1	1	1	1	1	1	0	1	1	0	0	0	0	1
1507	0	1	1	1	0	1	0	0	1	1	1	0	1	0	0	1	0	0
1508	1	1	0	0	1	0	0	0	1	1	1	0	0	0	0	0	1	0
1509	0	1	0	0	1	0	0	0	1	1	1	0	0	0	0	0	1	0
1510	0	1	1	1	0	1	0	0	1	1	0	1	0	0	0	1	0	0
1511	0	0	1	1	0	1	0	0	1	1	1	0	1	0	0	1	0	0
1512	1	1	1	0	0	1	0	1	0	0	0	0	0	1	1	0	0	0
1513	1	0	0	1	1	1	1	1	1	1	1	0	1	0	0	0	0	1
1514	0	0	0	1	1	1	1	1	0	1	1	0	1	0	0	0	0	1
1515	0	0	0	1	1	1	1	1	1	1	1	1	1	0	0	0	0	1
1516	0	1	0	1	1	1	1	1	1	1	1	1	1	0	1	0	0	0
1517	0	0	0	1	1	1	1	0	1	1	0	1	1	0	0	0	0	1
1518	0	1	1	1	0	1	0	0	1	1	0	1	0	0	0	1	0	0
1519	0	0	1	1	1	1	1	1	1	1	1	0	1	0	0	0	0	1
1520	0	0	1	0	0	1	0	1	0	0	0	1	0	1	1	0	0	0
1521	1	1	1	0	0	1	0	1	0	0	0	0	0	1	1	0	0	0
1522	0	1	0	1	1	1	1	1	1	1	1	1	1	0	0	0	0	1
1523	1	1	0	1	1	1	1	1	1	1	1	1	1	0	0	0	0	1
1524	0	1	0	1	1	1	1	1	1	1	1	0	1	0	0	0	0	1
1525	1	1	1	1	0	1	0	0	1	1	1	1	0	0	0	1	0	0
1526	0	1	1	1	0	1	0	0	1	1	0	0	0	0	1	0	0	0
1527	0	1	1	1	0	1	0	0	1	1	1	1	0	0	0	1	0	0
1528	0	1	1	1	0	1	0	0	1	1	1	1	1	0	0	1	0	0
1529	1	1	1	1	0	1	0	0	1	1	0	0	1	0	0	1	0	0
1530	1	1	1	0	0	1	0	1	0	0	0	1	0	1	1	0	0	0
1531	0	0	1	1	0	1	0	0	0	1	1	1	0	0	0	1	0	0
1532	1	1	0	1	1	1	1	1	1	1	1	1	1	0	0	0	0	1
1533	0	1	0	0	1	0	0	0	1	1	1	0	0	0	0	0	1	0
1534	1	0	0	1	1	1	1	1	1	1	1	1	1	0	0	0	0	1
1535	1	1	0	1	1	1	1	1	1	1	1	0	1	0	0	0	0	1
1536	1	0	1	0	0	1	0	1	0	0	0	1	0	1	1	0	0	0
1537	1	1	1	1	0	1	0	0	1	1	1	0	0	1	0	1	0	0
1538	0	1	1	1	0	1	0	0	1	1	0	1	0	0	0	1	0	0
1539	0	1	0	1	1	1	1	1	1	1	1	1	1	0	0	0	0	1
1540	1	1	0	0	1	0	0	0	1	1	1	1	0	0	0	0	1	0
1541	1	1	1	1	0	1	0	0	1	1	0	0	0	0	0	1	0	0
1542	1	1	1	1	0	1	0	0	1	1	1	1	0	0	0	1	0	0
1543	1	0	0	1	1	1	1	1	1	1	1	1	1	0	0	0	0	1
1544	0	1	1	1	0	1	0	0	1	1	0	0	0	0	0	1	0	0
1545	0	1	1	1	0	1	0	0	1	1	0	1	0	0	0	1	0	0
1546	0	0	0	0	1	0	0	0	1	1	1	0	0	0	0	0	1	0
1547	0	1	1	1	0	0	0	0	1	1	0	1	1	0	0	1	0	0
1548	0	1	1	0	0	1	0	1	0	0	0	1	0	1	1	0	0	0
1549	0	1	0	0	1	0	0	0	1	1	0	0	0	0	0	0	1	0
1550	0	1	1	0	0	1	0	1	0	0	0	0	0	1	1	0	0	0
1551	0	1	0	0	1	0	0	0	1	1	1	1	0	0	0	0	1	0
1552	0	0	0	1	1	1	1	1	1	1	1	0	1	0	0	0	0	1
1553	0	1	0	1	1	1	1	1	1	1	1	1	1	0	0	0	0	1
1554	0	1	1	1	0	1	0	0	1	1	0	1	1	0	0	1	0	0
1555	0	1	1	0	0	1	0	1	0	0	0	0	0	1	1	0	0	0
1556	1	1	0	1	1	1	1	1	1	1	1	0	1	0	0	0	0	1
1557	0	0	0	1	1	1	1	1	1	1	1	0	1	0	0	0	0	1
1558	0	0	1	1	0	1	0	0	1	1	1	0	0	0	0	1	0	0
1559	1	0	0	1	1	1	1	1	1	1	1	0	1	0	0	0	0	1
1560	1	1	0	1	1	1	1	1	1	1	1	1	1	0	0	0	0	1
1561	1	1	0	1	1	1	1	1	1	1	1	0	1	0	0	0	0	1
1562	1	1	0	1	1	1	1	1	1	1	1	0	1	0	0	0	0	1
1563	0	0	0	1	1	1	1	1	1	1	1	1	1	0	0	0	0	1
1564	0	1	1	1	0	1	0	0	1	1	0	0	1	0	0	1	0	0
1565	1	1	0	1	1	1	1	1	1	1	1	1	1	0	0	0	0	1
1566	1	0	1	0	0	1	0	1	0	0	1	1	0	1	1	0	0	0
1567	1	1	1	0	0	1	0	1	0	0	1	0	0	1	1	0	0	0
1568	0	1	0	1	1	1	1	1	1	1	1	1	1	0	0	0	0	1
1569	0	1	0	1	1	1	1	1	1	1	1	0	1	0	0	0	0	1
1570	0	1	0	1	1	1	1	0	1	1	1	0	1	0	0	0	0	1
1571	0	1	1	1	0	1	0	0	1	1	1	0	0	0	0	1	0	0
1572	1	0	0	0	1	0	0	0	1	1	1	1	0	0	0	0	1	0
1573	1	1	1	1	0	1	0	0	1	1	0	0	0	0	0	1	0	0
1574	0	1	1	0	0	1	0	1	0	0	0	0	0	1	1	0	0	0
1575	0	1	0	1	1	1	1	1	1	1	0	0	1	0	0	0	0	1
1576	1	1	0	1	1	1	0	1	1	1	1	1	1	0	0	0	0	1
1577	1	0	0	1	1	1	1	1	1	1	1	0	1	0	0	0	0	1
1578	0	1	0	1	1	1	1	1	1	1	1	1	1	0	0	0	0	1
1579	0	1	1	0	0	1	0	1	0	0	0	1	0	1	1	0	0	0
1580	0	1	0	0	1	0	0	0	0	1	1	1	0	0	0	0	1	0
1581	0	1	1	1	0	0	0	0	1	1	0	1	0	0	0	1	0	0
1582	1	0	0	0	1	0	0	0	1	1	1	0	0	0	0	0	1	0
1583	1	1	0	1	1	1	1	1	1	1	1	1	1	0	0	0	0	1
1584	1	0	0	0	1	0	0	0	1	1	1	1	0	0	0	0	1	0
1585	0	1	0	0	1	0	0	0	1	1	1	0	0	0	0	0	1	0
1586	1	1	1	1	0	1	0	0	0	1	0	1	0	1	0	1	0	0
1587	1	1	0	0	1	0	0	0	1	1	1	0	0	0	0	0	1	0
1588	0	1	1	1	0	1	0	0	1	1	1	0	0	0	0	1	0	0
1589	0	1	0	0	1	0	0	0	1	1	1	1	0	0	0	0	1	0
1590	1	0	1	1	0	1	0	0	1	1	1	1	0	0	0	1	0	0
1591	0	0	0	1	1	1	1	1	1	1	1	0	1	0	0	0	0	1
1592	0	1	0	0	1	0	0	0	1	1	1	1	0	0	0	0	1	0
1593	0	1	1	0	0	1	0	1	0	0	0	1	0	1	1	0	0	0
1594	1	1	0	1	1	1	1	1	1	1	1	1	1	0	0	0	0	1
1595	1	0	1	1	0	1	0	0	1	1	1	1	1	1	0	1	0	0
1596	0	1	1	0	0	1	0	1	0	0	0	0	0	1	1	0	0	0
1597	1	1	1	1	0	1	0	0	1	1	1	0	0	0	0	0	1	0
1598	0	1	1	0	0	1	0	1	0	0	0	1	0	1	1	0	0	0
1599	1	1	1	1	0	1	0	0	1	1	0	0	0	0	0	1	0	0
1600	1	1	1	1	0	1	0	0	1	1	0	1	0	0	0	1	0	0